compartiment,date,Eopt,Kd,PBmax,alpha,chl_surface,turbidity,conversionEtoC,irradiance_J_cm2
1,2009-01-15,457.230235061754,1.75,2.83480253815551,0.0175991157159987,0.933,NA,NA,318
1,2009-02-12,526.165096503168,4.641,3.32282067661272,0.01881427506568399,1.452,NA,NA,600
1,2009-03-05,616.44323401514,1.951,4.90540838223809,0.0181086107082506,3.407,NA,NA,1058
1,2009-04-09,540.961659611896,1.119,5.30519880321549,0.0167759652350784,35.816,NA,NA,637
1,2009-04-23,575.5010865158,2.572,9.89607090420517,0.0328854942288411,11.8,NA,NA,2325
1,2009-05-08,530.568337720116,1.129,7.7267384058476,0.0223581573790107,8.91,NA,NA,1785
1,2009-05-28,566.775849194284,1.615,7.03277283231278,0.014347426062399,8.81,NA,NA,1852
1,2009-06-25,591.662208339487,0.614,7.80815081248729,0.0203709605300875,5.813,NA,NA,2709
1,2009-07-09,687.90029233778,0.684,10.4425168212555,0.0245529895889181,4.94,NA,NA,1989
1,2009-08-27,629.198372726311,2.259,12.1485843303641,0.023865446617807,4.863,NA,NA,1185
1,2009-09-24,646.262437413944,3.7606,9.80019236135941,0.0171438182319277,3.274,NA,NA,1592
1,2009-10-15,631.783815540076,1.245,6.76607386837101,0.0251340030045872,1.994,NA,NA,1016
1,2009-11-19,489.296379923871,1.361,6.93547752845108,0.026636572254122,1.148,NA,NA,479
1,2009-12-10,453.586619020205,4.153,6.40944735862315,0.0329370354154888,0.919,NA,NA,194
1,2010-01-14,502.356558528815,4.72,2.99942825092827,0.0178293778803932,1.113,NA,NA,166
1,2010-02-18,456.358816299883,2.128,3.75555550623422,0.018440394637472,1.326,NA,NA,320
1,2010-03-18,428.232533440775,1.203,3.23325504396893,0.0163444041264621,3.852,NA,NA,1179
1,2010-04-09,548.021495354055,1.463,4.99664690769936,0.0195755462808638,9.48,NA,NA,2026
1,2010-04-29,434.881257411724,0.795,2.20547872775597,0.0136784596840446,12.186,NA,NA,1920
1,2010-05-20,430.631379268708,1.514,7.44896232182422,0.0372347672824468,7.557,NA,NA,2427
1,2010-06-10,470.324111603213,0.905,3.96845974265775,0.0167471654898819,10.297,NA,NA,657
1,2010-07-15,916.241710932821,0.812,14.2596272738348,0.0371856900391639,5.593,NA,NA,1976
1,2010-07-29,701.808546647842,0.882,8.25619956598963,0.0378599115127134,14.194,NA,NA,1559
1,2010-08-26,624.773169535732,1.072,10.3531108446006,0.0325035859010578,4.381,NA,NA,503
1,2010-09-09,512.576115691804,6.653,7.17185156080189,0.0243774744553866,6.875,NA,NA,1618
1,2010-09-23,565.295151302772,0.695,9.07840909059981,0.035924752756914,2.698,NA,NA,395
1,2010-10-14,482.459959627093,1.576,6.76902968959181,0.0336042409527828,5.158,NA,NA,263
1,2010-11-19,378.79859218457,2.238,5.01406004360643,0.0345979493610874,1.595,NA,NA,175
1,2010-12-16,349.300317564685,2.315,3.90395514528268,0.0350485109173505,1.329,NA,NA,35
1,2011-01-13,371.011678969479,2.292,3.30029094333143,0.0272945452386191,1.401,NA,NA,93
1,2011-02-10,359.413615855898,3.713,3.51009663065284,0.0260164999756454,1.589,NA,NA,285
1,2011-03-03,585.361169713529,2.045,5.09781037785757,0.0306121078763697,1.771,NA,NA,1249
1,2011-03-17,554.507055391897,2.57,4.85759322898543,0.0286110899556599,1.874,NA,NA,143
1,2011-04-07,368.711301263413,3.21,5.72830241473574,0.0354994189629042,7.335,NA,NA,1808
1,2011-04-21,394.713698709393,3.86,9.94655189171771,0.0632474261925157,15.221,NA,NA,2022
1,2011-05-12,489.523642296533,5.04,6.91171539317274,0.0256016077247988,11.573,NA,NA,2426
1,2011-05-26,516.064215777014,1.91,7.87146714136775,0.0350497575399084,7.977,NA,NA,1081
1,2011-06-09,582.419979596038,4.36,6.53504674631356,0.0250801510554614,7.368,NA,NA,2609
1,2011-06-23,563.239381229281,4.69,8.19160436518126,0.0275645354377597,6.696,NA,NA,2506
1,2011-07-07,564.922874002261,1.13,8.10592650969646,0.0324535488952177,22.612,NA,NA,2100
1,2011-07-21,519.421771651425,5.111,11.9783595514064,0.0378332614787077,3.848,NA,NA,1467
1,2011-08-19,580.618075438658,8.055,9.08937374386341,0.0273384742647417,4.372,NA,NA,2234
1,2011-09-01,753.522539831981,3.513,8.49682316127441,0.0256017367260792,3.688,NA,NA,2025
1,2011-09-15,654.40833882159,7.8,7.26946443272696,0.0244313304397201,3.269,NA,NA,1343
1,2011-09-29,544.738526659543,1.589,7.91844624875556,0.0274782088783623,3.445,NA,NA,1390
1,2011-10-13,480.930393648487,5.265,6.66158117488466,0.0237565126630273,3.175,NA,NA,1033
1,2011-11-24,304.129942667345,3.7606,4.70303744583017,0.0375154125941885,2.14455,NA,NA,434
1,2011-12-15,319.046929581588,6.82,4.60710206400395,0.0394126142643585,1.5085,NA,NA,162
1,2012-01-19,501.002477534941,4.295,5.66298210232124,0.0419865592000391,1.5725,NA,NA,151
1,2012-02-09,342.984560627532,4.4613,3.5168794890243,0.033291251557628,0.891167,NA,NA,389
1,2012-03-22,321.135644098943,1.373,5.16235839677241,0.0352845981010139,2.888083,NA,NA,1610
1,2012-04-05,309.818799869552,4.3145,3.37272018024662,0.024197553045802,3.284706,NA,NA,573
1,2012-04-19,364.915789235662,2.587,8.29632328615441,0.0540981035005802,12.618841,NA,NA,1252
1,2012-05-10,374.954707520957,10.3057,5.88051528866808,0.0334995550227841,11.382167,NA,NA,929
1,2012-05-24,359.49463427745,1.359,7.49312844661513,0.0393814405033945,6.025,NA,NA,2225
1,2012-06-21,433.215282186999,2.062,5.77867942320619,0.0246529161478996,3.741,NA,NA,1138
1,2012-07-05,435.51105600875,6.839,5.80146503829606,0.0239652626183151,9.846,NA,NA,1641
1,2012-08-09,541.558203102982,7.5034,9.07057560226279,0.0361585187707337,8.485,NA,NA,2400
1,2012-08-30,473.470153669243,4.9431,8.45047537179186,0.0310222599272066,8.062,NA,NA,1360
1,2012-09-13,436.137945942826,0.557,6.68512566757256,0.0337107138255836,4.149,NA,NA,1146
1,2012-09-27,479.141128488765,3.6016,9.49960571737522,0.0422899730520511,3.68,NA,NA,838
1,2012-11-14,372.524258868966,2.16,4.91417416331246,0.0268401848744776,1.362,NA,NA,582
1,2012-12-13,260.401751302148,5.81,3.68057055660022,0.0363924848779885,2.43,NA,NA,236
1,2013-01-17,279.384120008541,5.8788,2.74022674747276,0.0240491635535238,2.036,NA,NA,147
1,2013-02-07,219.806722797951,3.7114,2.59535145086791,0.0285254818272367,1.854,NA,NA,468
1,2013-03-07,398.482992466732,3.54,2.72722497456722,0.0244736169940693,2.8118,NA,NA,508
1,2013-03-28,273.202492581905,2.627,3.51133471047787,0.0280623939807236,4.1357,NA,NA,1218
1,2013-04-11,327.568482445589,3.097,3.63783771869626,0.022740440705143,5.7617,NA,NA,545
1,2013-04-26,489.249099272843,1.477,4.42820498045225,0.0217899113207818,11.0832,NA,NA,325
1,2013-05-09,419.852231763353,1.7146,2.33101683683582,0.0144299412759959,13.30996,NA,NA,2105
1,2013-05-24,614.203162196223,4.2443,6.33865177345376,0.0360877674554877,10.472,NA,NA,789
1,2013-06-06,377.087070338151,3.227,5.42547972166252,0.0400579027726083,10.0659,NA,NA,2820
1,2013-06-20,565.093720987313,6.1739,4.36686957637119,0.0172454039852474,9.1395,NA,NA,1643
1,2013-07-04,662.54458644526,4.0317,8.85197556815052,0.0480346171401433,4.3727,NA,NA,1396
1,2013-07-18,490.471215847668,1.335,9.71637877701107,0.0293674126340967,18.3211,NA,NA,2706
1,2013-08-08,372.148216768722,1.745,13.3701963833628,0.0531698887401247,10.124,NA,NA,2370
1,2013-09-05,504.905743740578,0.9725,6.73273320681023,0.0358809401205093,7.8645,NA,NA,1896
1,2013-09-19,715.0047737334,1.2566,9.07320543650079,0.0430779119260332,5.1036,NA,NA,564
1,2013-10-10,442.144361100553,8.92,8.55988494202218,0.0448306439199758,5.1036,NA,NA,353
1,2013-11-07,338.495001369004,1.699,5.9837598624768,0.0364415846888071,2.249,NA,NA,155
1,2013-12-05,313.463375386989,1.261,6.3627737700775,0.0460516358648892,1.095,NA,NA,104
1,2016-05-03,NA,NA,NA,NA,5.458550724637681,67.93023646072464,NA,2710
1,2016-05-30,NA,NA,NA,NA,1.240952380952381,572.9211111111111,NA,224
1,2016-06-13,NA,NA,NA,NA,1.9278333333333333,188.8699840510606,NA,1672
1,2016-06-29,NA,NA,NA,NA,1.0689705882352942,41.92175696588235,NA,1523
1,2016-07-13,NA,NA,NA,NA,1.083735294117647,31.749775541764706,NA,1876
1,2016-07-25,NA,NA,NA,NA,5.714499999999999,45.135000000000005,NA,1924
1,2016-08-11,NA,NA,NA,NA,1.5474999999999999,45.272546439705884,NA,405
1,2016-08-22,NA,NA,NA,NA,2.1794915254237286,27.80607627118644,NA,1658
1,2016-09-05,NA,NA,NA,NA,2.955322580645161,27.046290322580646,NA,1669
1,2016-09-20,NA,NA,NA,NA,1.3397457627118645,24.784959857118643,NA,1545
1,2016-10-03,NA,NA,NA,NA,1.1222105263157895,27.35214219754386,NA,797
1,2016-10-18,NA,NA,NA,NA,34.25094339622642,-73.05849056603773,NA,340
1,2016-11-17,NA,NA,NA,NA,0.8700877192982456,38.175161588070175,NA,383
1,2017-01-11,NA,NA,NA,NA,1.3232075471698115,29.438351539245282,NA,304
1,2017-02-08,NA,NA,NA,NA,4.336333333333333,49.04920175433333,NA,92
1,2017-03-09,NA,NA,NA,NA,1.2866666666666666,102.58666666666667,NA,992
1,2017-04-20,NA,NA,NA,NA,11.524477611940299,5.539198743134328,NA,2341
1,2017-05-03,NA,NA,NA,NA,11.282131147540984,25.256660914590164,NA,855
1,2017-05-15,NA,NA,NA,NA,7.624666666666666,13.942912280666667,NA,1743
1,2017-05-29,NA,NA,NA,NA,6.601739130434782,16.790213577391306,NA,2487
1,2017-06-12,NA,NA,NA,NA,6.588392857142857,22.101090225535714,NA,2192
1,2017-06-26,NA,NA,NA,NA,5.833454545454546,17.036373205818183,NA,2898
1,2017-07-10,NA,NA,NA,NA,3.256776859504132,17.017690300165288,NA,1332
1,2017-08-07,NA,NA,NA,NA,10.925333333333333,24.946789473666666,NA,2290
1,2017-08-21,NA,NA,NA,NA,11.121016949152542,18.821623550508473,NA,1535
1,2017-09-04,NA,NA,NA,NA,1.8963492063492065,14.055238095238096,NA,782
1,2017-09-19,NA,NA,NA,NA,1.095,28.255,NA,1380
1,2017-10-18,NA,NA,NA,NA,1.0158730158730158,25.8015873015873,NA,821
1,2017-11-21,NA,NA,NA,NA,1.1803571428571429,74.44821428571429,NA,180
1,2017-12-14,NA,NA,NA,NA,1.168103448275862,45.30881125224138,NA,197
1,2018-01-11,NA,NA,NA,NA,2.723125,31.331636513124998,NA,168
1,2018-02-06,NA,NA,NA,NA,2.6538805970149255,74.11167321283583,NA,698
1,2018-03-05,NA,NA,NA,NA,2.7489090909090907,90.20191387563636,NA,1049
1,2018-04-16,NA,NA,NA,NA,3.3423728813559324,48.1271186440678,NA,1941
1,2018-04-30,NA,NA,NA,NA,8.350793650793651,36.25873015873016,NA,337
1,2018-05-16,NA,NA,NA,NA,10.102727272727273,43.48236363636364,NA,1279
1,2018-05-28,NA,NA,NA,NA,3.3298360655737707,21.38393442622951,NA,2510
1,2018-06-11,NA,NA,NA,NA,3.6658823529411766,26.966911764705884,NA,2878
1,2018-06-26,NA,NA,NA,NA,2.3046153846153845,17.41076923076923,NA,3022
1,2018-07-10,NA,NA,NA,NA,6.317857142857143,12.230357142857143,NA,556
1,2018-07-23,NA,NA,NA,NA,1.0687898089171974,18.90891719745223,NA,2691
1,2018-08-09,NA,NA,NA,NA,2,31.0044776119403,NA,414
1,2018-08-23,NA,NA,NA,NA,2.968095238095238,23.126349206349207,NA,913
1,2018-09-06,NA,NA,NA,NA,3.788333333333333,25.084409888333333,NA,968
1,2018-09-20,NA,NA,NA,NA,3.3406756756756755,9.047368421054054,NA,1255
1,2018-10-18,NA,NA,NA,NA,6.795061728395062,3.6836907082469135,NA,592
1,2018-11-12,NA,NA,NA,NA,1.606060606060606,25.096969696969698,NA,243
1,2019-04-01,NA,NA,NA,NA,12.06,25.06842105,NA,1877
1,2019-06-27,NA,NA,NA,NA,39.46,7.226842104999999,NA,2963
1,2019-07-25,NA,NA,NA,NA,24.205,15,NA,2482
1,2020-04-16,1429.75,2.075,12.6725,0.04,12,10.3725,5,2098
1,2020-04-30,952.3333333333334,2.9666666666666663,8.516666666666666,0.04,22.366666666666667,18.256666666666668,5,1718
1,2020-06-23,1871,2.55,19.119999999999997,0.04,4.6,14.774999999999999,5,2959
1,2020-07-06,1606.5,2.9,16.835,0.035,4.65,17.38,5,2368
1,2020-07-21,1723.5,1.7000000000000002,15.940000000000001,0.04,4.6,7.699999999999999,5,2741
1,2020-10-14,814,2.5,10.945,0.03,2.4000000000000004,14.379999999999999,5,593
1,2021-03-29,806.75,10.525,9.92,0.0375,4.925,82.08500000000001,5,1915
1,2021-04-12,717.5,7,8.485,0.04,8.75,52.385000000000005,5,2207
1,2021-04-26,214.5,5.9,2.4299999999999997,0.04,4.6,43.295,5,2507
1,2021-05-10,838,2.4,11.31,0.04,12.766666666666667,13.193333333333333,5,1879
1,2021-05-25,1006.5,5.45,9.49,0.04,12.4,39.235,5,1718
1,2021-06-08,861,1.3,10.57,0.04,6.9,3.95,5,2874
1,2021-06-21,717.5,2.05,8.67,0.04,9.95,10.360000000000001,5,535
1,2021-07-05,903.5,1.85,9.68,0.045,8,8.425,5,1750
1,2021-08-05,715.6666666666666,1.4333333333333333,7.1033333333333335,0.026666666666666665,3.8,5.386666666666667,5,2093
1,2021-09-01,1416,1,14.236666666666668,0.03,3.933333333333333,1.6400000000000001,5,695
1,2021-09-16,1560,3.8,12.149999999999999,0.035,3.6,25.295,5,1739
1,2021-10-14,569,2.25,6.545,0.03,1.9,12.07,5,684
1,2021-12-06,768.5,4.7,9.940000000000001,0.03,2.4,33.195,5,316
1,2022-01-03,910,3.1,6.15,0.03,2.1,19.58,5,153
1,2022-03-01,604,5.050000000000001,6.359999999999999,0.03,2.5,35.5,5,327
1,2022-03-29,864,3.45,12.805,0.04,6.85,22.61,5,692
1,2022-04-25,823.6666666666666,2.1,8.836666666666666,0.04,15.5,10.7,5,1228
1,2022-05-23,1026.4,3.6399999999999997,12.421999999999999,0.04,10.98,23.54,5,597
1,2022-06-07,874.5,2.55,10.67,0.0375,4.65,14.4925,5,2333
1,2022-07-04,961,2.5,13.92,0.03,5.2,14.62,5,2983
1,2022-07-19,788,2.7,8.690000000000001,0.04,6.25,15.685,5,2748
1,2022-08-03,913.5,3.65,11.795,0.04,6.550000000000001,24.3,5,2613
1,2022-08-15,1371,1.9,16.35,0.04,4.9,9.1,5,2117
1,2022-08-29,1433.125,3.5125,21.20125,0.04,5.9375,23.075,5,1894
1,2022-09-13,1729,5.2,19.565,0.04,5.35,37.28,5,959
1,2022-10-12,996,4.45,14.91,0.03,2.7,30.555,5,1026
1,2022-11-08,1411.5,4.550000000000001,16.544999999999998,0.035,2.15,31.384999999999998,5,436
1,2022-12-07,1339.5,7.3500000000000005,10.12,0.04,2.1,55.135,5,214
1,2023-01-04,764,8.24,9.748000000000001,0.03,2.56,62.872,5,127
1,2023-01-30,722.6666666666666,5.733333333333333,9.413333333333334,0.03333333333333333,3.033333333333333,41.46666666666667,5,681
1,2023-02-28,1088.5,2.25,11.754999999999999,0.04,4.5,12.055,5,792
1,2023-04-12,1016,7.3,13.096666666666666,0.03,3.2666666666666666,54.68,5,1555
1,2023-04-24,1020,7,11.850000000000001,0.03,3.2,52.195,5,1462
1,2023-06-22,1275,2.4000000000000004,15.035,0.04,3.7,13.27,5,1098
1,2023-08-14,1346,2.1666666666666665,16.526666666666667,0.03666666666666667,2.4,11.38,5,2201
1,2023-09-12,1055,2.3,14.99,0.04,4.3,12.56,5,866
1,2024-01-29,552.5,8.1,6.9,0.03,2.85,61.53,5,495
1,2024-02-26,604.5,5.45,6.375,0.03,3.45,38.92,5,308
1,2024-03-25,776.5,5.025,9.155000000000001,0.0375,4.25,35.74,5,1246
1,2024-04-22,671.6666666666666,2.6666666666666665,6.51,0.04666666666666667,9.766666666666666,15.606666666666667,5,1611
1,2024-06-17,944.8,2.48,10.564,0.03,2.38,14.020000000000001,5,2877
1,2024-07-01,822,2.2,11.52,0.04,8,11.3,5,2667
1,2024-07-15,896,0.8,8.5,0.032,2.2199999999999998,0,5,1831
1,2024-08-26,782.3333333333334,2.75,8.061666666666667,0.04,3.4333333333333336,16.358333333333334,5,1302
1,2024-09-09,1123.5714285714287,2.642857142857143,15.017142857142858,0.04,4.728571428571429,15.622857142857143,5,1170
1,2024-10-07,1168.5,1.45,13.295,0.03,2.15,5.315,5,1030
1,2024-11-05,745,3.775,9.1275,0.03,2.475,25.2125,5,145
1,2024-12-03,894.2,3.6,8.766,0.028,1.6400000000000001,23.444,5,246
3,2009-01-15,483.908938829477,4.942,3.19920816145669,0.0149723441480157,1.398,NA,NA,318
3,2009-02-12,469.605153289706,3.904,3.21693992491145,0.0147418540252883,1.89,NA,NA,600
3,2009-03-05,549.020438075636,3.542,12.6190064753263,0.0449918103000283,1.051,NA,NA,1058
3,2009-03-26,529.892785430465,1.683,6.39648682311409,0.020338248557764,20.072,NA,NA,311
3,2009-04-09,556.249829161403,1.404,7.08639476065028,0.0184271385594289,35.292,NA,NA,637
3,2009-04-23,523.294090807755,1.001,8.71415780919751,0.0218139763704986,5.43,NA,NA,2325
3,2009-05-08,550.45656794556,2.093,7.85273079760389,0.0205887198532714,9.655,NA,NA,1785
3,2009-05-28,630.927723218339,6.799,5.87231524315796,0.0124596580405551,11.99,NA,NA,1852
3,2009-06-25,646.792955759086,1.547,7.26194776607217,0.0175597758650056,7.993,NA,NA,2709
3,2009-07-09,669.353898375383,2.867,10.9023946189244,0.0246281824270659,4.2,NA,NA,1989
3,2009-08-27,680.613571456102,5.965,10.4006884926843,0.0181274785787804,6.473,NA,NA,1185
3,2009-09-24,823.970278860326,3.272,10.6379711911705,0.0220540034535982,3.552,NA,NA,1592
3,2009-10-15,538.472898911278,1.786,7.79396959679329,0.0189330850196099,2.213,NA,NA,1016
3,2009-11-19,459.525515694252,3.137,5.60060633638196,0.0198637988664079,2.135,NA,NA,479
3,2009-12-10,443.970459985726,2.912,4.15499669805691,0.0147392697058068,1.487,NA,NA,194
3,2010-01-14,544.430289293067,3.76,3.69365955647023,0.0161969633700336,1.684,NA,NA,166
3,2010-02-18,476.959589896469,3.375,3.51730601463552,0.0142525489740369,2.998,NA,NA,320
3,2010-03-18,492.443857590115,3.501,4.79153046080298,0.0182355343625827,5.109,NA,NA,1179
3,2010-04-09,530.622941425825,1.853,5.87678556537369,0.0202067969213765,8.765,NA,NA,2026
3,2010-04-29,434.530009594922,1.014,5.11202748318813,0.0272589182914278,22.501,NA,NA,1920
3,2010-05-20,439.189400355843,1.871,8.09854950265646,0.0360677613230671,7.345,NA,NA,2427
3,2010-06-10,577.974564152065,0.913,8.17838233074779,0.0228843516790638,6.459,NA,NA,657
3,2010-06-24,694.990110685849,1.026,7.80785545515825,0.026954018663195,3.5,NA,NA,2836
3,2010-07-15,863.238949655634,2.702,10.355007010724,0.0288757719932743,7.877,NA,NA,1976
3,2010-07-29,635.222273377987,2.548,8.81596470040165,0.0334547755956081,7.861,NA,NA,1559
3,2010-08-26,675.821993838214,1.902,11.6183986190628,0.0428164497282158,3.746,NA,NA,503
3,2010-09-09,564.411072140907,7.343,9.44507491547553,0.0365738822735374,3.981,NA,NA,1618
3,2010-09-23,695.502575826511,1.17,9.02290332376769,0.0334084578412162,2.803,NA,NA,395
3,2010-10-14,499.61751269429,14.883,8.10369091976545,0.034753767791187,3.934,NA,NA,263
3,2010-11-19,470.920372612575,2.019,5.76930377292365,0.031914450688367,1.813,NA,NA,175
3,2010-12-16,436.915966851345,2.753,4.40296526519214,0.0320903348361663,1.348,NA,NA,35
3,2011-01-13,514.113109161619,2.989,3.37034990502224,0.0196472191152598,2.353,NA,NA,93
3,2011-02-10,429.385534915857,3.736,3.61924807450054,0.0221748875888601,2.21,NA,NA,285
3,2011-03-03,658.228106311246,2.564,4.40655318473205,0.0224132918341079,2.519,NA,NA,1249
3,2011-03-17,610.42298180154,1.96,5.16125644990966,0.0272416590821107,2.468,NA,NA,143
3,2011-04-07,408.459012557972,5.6,5.94628664499966,0.0298204508788407,8.897,NA,NA,1808
3,2011-04-21,435.106781507909,3.169,6.91585680662598,0.0317629811733557,18.294,NA,NA,2022
3,2011-05-12,472.174608216601,3.45,8.52176609461998,0.0235836917700027,12.129,NA,NA,2426
3,2011-05-26,492.266320892045,3.897,9.47405933291029,0.0395089011850176,5.796,NA,NA,1081
3,2011-06-09,590.790471774446,1.467,9.61093608778695,0.0295572866796503,4.474,NA,NA,2609
3,2011-06-23,618.980016116182,2.611,8.87755196504268,0.0272235918243926,4.571,NA,NA,2506
3,2011-07-07,578.338487837206,13.94,8.22723849734915,0.0265472559159258,14.449,NA,NA,2100
3,2011-07-21,637.333747255036,2.025,9.39775923492455,0.0300334533316031,6.969,NA,NA,1467
3,2011-08-19,635.032385911718,1.939,9.05495866219538,0.0282217377999477,4.74,NA,NA,2234
3,2011-09-01,657.338350435598,8.19,8.2421226472995,0.0274531586102058,3.92,NA,NA,2025
3,2011-09-15,618.90703194432,2.028,7.82919575369141,0.025256877402211,3.528,NA,NA,1343
3,2011-09-29,556.364780537445,4.126,7.8140791211407,0.0265629567714714,3.483,NA,NA,1390
3,2011-10-13,519.980217195516,3.167,6.16972719018241,0.0220063336603713,3.201,NA,NA,1033
3,2011-11-24,401.762413064756,3.1669,5.32559003198108,0.0383773019134682,1.48943,NA,NA,434
3,2011-12-15,375.243690756433,3.761,3.97584858536674,0.0314373608981142,1.9148,NA,NA,162
3,2012-01-19,561.154122280542,9.33,4.16910474620788,0.0250552850494457,1.7934,NA,NA,151
3,2012-02-09,337.40228923902,5.7457,3.48538170809274,0.0299475484088084,1.8642,NA,NA,389
3,2012-03-22,311.161758963744,1.72,5.48081828476236,0.0324644418449296,2.1388,NA,NA,1610
3,2012-04-05,360.636010707438,1.278,4.44494357152678,0.0251337236134333,10.161,NA,NA,573
3,2012-04-19,355.453195731201,6.8183,4.34386612639334,0.0242972191537153,8.302886,NA,NA,1252
3,2012-05-10,378.498316628766,4.1047,7.63799253818734,0.0368962949017911,12.515,NA,NA,929
3,2012-05-24,397.608120469287,2.421,7.14000165226403,0.034945097232361,11.583,NA,NA,2225
3,2012-06-21,516.329426608198,0.716,8.87508680831511,0.0295309046543999,4.593,NA,NA,1138
3,2012-07-05,452.708630446743,5.5585,7.8319753530075,0.021587949386428,4.351,NA,NA,1641
3,2012-08-09,530.588518512074,8.3495,9.65006746988085,0.0359807449528303,5.313,NA,NA,2400
3,2012-08-30,500.097795089277,4.5304,9.81230800677233,0.0389395054030452,4.997,NA,NA,1360
3,2012-09-13,449.778148115774,3.7938,8.33963906868889,0.0394888547351727,2.931,NA,NA,1146
3,2012-09-27,561.72289409336,7.8802,5.48861324585923,0.0223435122626697,2.972,NA,NA,838
3,2012-11-14,440.045895861796,1.25,4.53884129765363,0.033317461797799,2.029,NA,NA,582
3,2012-12-13,275.156766028504,6.7832,3.61862925644741,0.0327705915327508,1.057,NA,NA,236
3,2013-01-17,283.569927564694,6.0099,2.90458943529087,0.0182151979248821,3.116,NA,NA,147
3,2013-02-07,261.384603803656,5.3041,2.44846820955838,0.0209030345853388,1.655,NA,NA,468
3,2013-03-07,338.030746191914,4.2492,3.37764402236757,0.0234211709270098,1.583,NA,NA,508
3,2013-03-28,315.276728317154,2.705,3.43142379138159,0.0224850582098833,3.30797,NA,NA,1218
3,2013-04-11,325.546394394809,2.7019,5.07404991830819,0.0303587712910595,5.15739,NA,NA,545
3,2013-04-26,362.921355985867,3.5753,3.9373261334552,0.0204720839902634,8.9673,NA,NA,325
3,2013-05-09,618.741031386037,2.011,5.25360140813226,0.0218824995332677,24.35607,NA,NA,2105
3,2013-05-24,489.51831295648,4.2241,6.75321055129511,0.0401022688793516,12.0169,NA,NA,789
3,2013-06-06,609.042941896887,3.9442,6.16842706644941,0.0310212133827894,7.477,NA,NA,2820
3,2013-06-20,512.732312099582,1.9514,6.47375688723981,0.0242768942287461,7.3295,NA,NA,1643
3,2013-07-04,397.40636204779,6.1036,8.31624169520206,0.0430127771748845,5.034,NA,NA,1396
3,2013-07-18,450.943856069178,1.648,9.25047711724711,0.0307617379261096,11.639,NA,NA,2706
3,2013-08-08,411.363120813842,3.1669,8.62092119106252,0.0467439679126543,5.276,NA,NA,2370
3,2013-09-05,413.711221538601,1.399,4.46009103200786,0.0273635162935087,4.0257,NA,NA,1896
3,2013-09-19,471.571193922422,1.7887,7.63602904894595,0.0457134431211985,4.012,NA,NA,564
3,2013-10-10,404.238100853599,6.09,9.08997390639246,0.0385916963042707,4.012,NA,NA,353
3,2013-11-07,602.605288558337,8.097,5.2057438296178,0.0281114520785633,3.9565,NA,NA,155
3,2013-12-05,309.14214118985,2.406,4.15678579346606,0.0284391031025633,1.5447,NA,NA,104
3,2016-05-03,NA,NA,NA,NA,3.5789795918367346,13.292316505544218,NA,2710
3,2016-05-30,NA,NA,NA,NA,0.6940875912408759,49.333576642335764,NA,224
3,2016-06-13,NA,NA,NA,NA,0.9993043478260869,522.714063417441,NA,1672
3,2016-06-29,NA,NA,NA,NA,1.0419333333333334,256.7800210526,NA,1523
3,2016-07-13,NA,NA,NA,NA,1.1730738255033557,15.879344048020135,NA,1876
3,2016-07-25,NA,NA,NA,NA,5.6342,19.353789474,NA,1924
3,2016-08-11,NA,NA,NA,NA,1.3230061349693252,13.391185222834356,NA,405
3,2016-08-22,NA,NA,NA,NA,1.7936923076923077,19.206811133615386,NA,1658
3,2016-09-05,NA,NA,NA,NA,1.5779712230215828,15.530340148920864,NA,1669
3,2016-09-20,NA,NA,NA,NA,1.3611023622047245,13.243932863661417,NA,1545
3,2016-10-03,NA,NA,NA,NA,1.0543787878787878,10.965860937363637,NA,797
3,2016-11-17,NA,NA,NA,NA,0.8166260162601626,29.160710312357725,NA,383
3,2017-01-11,NA,NA,NA,NA,1.9971304347826087,31.869753318,NA,304
3,2017-02-08,NA,NA,NA,NA,6.553409090909091,30.200833333333332,NA,92
3,2017-04-20,NA,NA,NA,NA,6.898142857142857,3.0080714285714287,NA,2341
3,2017-05-03,NA,NA,NA,NA,6.680575539568346,12.535206361251799,NA,855
3,2017-05-15,NA,NA,NA,NA,7.027086614173228,8.90929548284252,NA,1743
3,2017-05-29,NA,NA,NA,NA,7.938345864661654,12.454841137969925,NA,2487
3,2017-06-12,NA,NA,NA,NA,6.746796875,7.008170230234375,NA,2192
3,2017-06-26,NA,NA,NA,NA,7.284700854700855,7.057722297196581,NA,2898
3,2017-07-10,NA,NA,NA,NA,3.2202777777777776,7.964468462813492,NA,1332
3,2017-08-07,NA,NA,NA,NA,12.618372093023256,11.424210526302325,NA,2290
3,2017-08-21,NA,NA,NA,NA,8.421014492753622,9.67645308923913,NA,1535
3,2017-09-04,NA,NA,NA,NA,1.818560606060606,10.3375,NA,782
3,2017-09-19,NA,NA,NA,NA,0.9477611940298508,11.485671641791045,NA,1380
3,2017-10-18,NA,NA,NA,NA,0.9751937984496124,19.98062015503876,NA,821
3,2017-11-21,NA,NA,NA,NA,0.828440366972477,67.8137614678899,NA,180
3,2017-12-14,NA,NA,NA,NA,0.8997375886524822,24.177310045248227,NA,197
3,2018-01-11,NA,NA,NA,NA,2.3680575539568345,22.932829183956834,NA,168
3,2018-02-06,NA,NA,NA,NA,1.9472388059701493,47.51816182246269,NA,698
3,2018-03-05,NA,NA,NA,NA,1.70096,54.28683368424,NA,1049
3,2018-04-16,NA,NA,NA,NA,2.1426086956521737,32.72869565217391,NA,1941
3,2018-04-30,NA,NA,NA,NA,4.685470085470086,32.96153846153846,NA,337
3,2018-05-16,NA,NA,NA,NA,4.030892857142857,23.271071428571428,NA,1279
3,2018-05-28,NA,NA,NA,NA,2.743529411764706,15.122058823529413,NA,2510
3,2018-06-11,NA,NA,NA,NA,2.875109489051095,20.764890510948906,NA,2878
3,2018-06-26,NA,NA,NA,NA,1.7704,11.4528,NA,3022
3,2018-07-10,NA,NA,NA,NA,8.520416666666666,6.270833333333333,NA,556
3,2018-07-23,NA,NA,NA,NA,0.9122017220172202,9.09609266092661,NA,2691
3,2018-08-09,NA,NA,NA,NA,2.034558823529412,12.124264705882354,NA,414
3,2018-08-23,NA,NA,NA,NA,2.9598591549295774,16.10114498387324,NA,913
3,2018-09-06,NA,NA,NA,NA,3.139154929577465,11.189051148964788,NA,968
3,2018-09-20,NA,NA,NA,NA,3.2203164556962025,5.731312458360759,NA,1255
3,2018-10-18,NA,NA,NA,NA,6.545,4.85719572368125,NA,592
3,2018-11-12,NA,NA,NA,NA,1.4700729927007299,20.15985401459854,NA,243
3,2019-04-01,NA,NA,NA,NA,9.496,14.87894737,NA,1877
3,2019-06-27,NA,NA,NA,NA,37.769999999999996,2.4375526315,NA,2963
3,2019-07-25,NA,NA,NA,NA,23.0375,7.761842106,NA,2482
3,2020-04-16,1289,2,12.7975,0.04,17.125,10.125,5,2098
3,2020-04-30,1494.4285714285713,2.914285714285714,15.297142857142857,0.04,24.34285714285714,17.83142857142857,5,1718
3,2020-06-23,1839.142857142857,2.757142857142857,18.291428571428572,0.04,4.642857142857143,16.638571428571428,5,2959
3,2020-07-06,1519,1.5,18.276666666666667,0.04,4.133333333333333,5.640000000000001,5,2368
3,2020-07-21,1647.25,1.575,18.685000000000002,0.0375,4.9,6.3425,5,2741
3,2020-10-14,960.4,3.16,12.028,0.028,2.32,19.822,5,593
3,2021-03-29,706.3333333333334,4.833333333333333,7.513333333333334,0.03,2.7666666666666666,34.04666666666667,5,1915
3,2021-04-12,828.6666666666666,3.6,9.236666666666666,0.04,6.433333333333334,23.54,5,2207
3,2021-04-26,656.6,3.5,7.782,0.038,11.64,22.71,5,2507
3,2021-05-10,1315,1.675,15.2675,0.04,15.975,7.215,5,1879
3,2021-05-25,1123.6,3.14,11.446,0.04,11.48,19.584,5,1718
3,2021-06-08,1001.5,1.9000000000000001,11.685,0.04,7.574999999999999,9.135,5,2874
3,2021-06-21,1115,1.64,10.968,0.04,7.6,6.976,5,535
3,2021-07-05,1165.3333333333333,1.3666666666666667,11.36,0.04,4.533333333333333,4.553333333333334,5,1750
3,2021-08-05,841,1.3,8.133333333333333,0.03,3.3,4.32,5,2093
3,2021-09-01,892.75,1.025,11.155000000000001,0.0275,3,1.68,5,695
3,2021-09-16,1604.8,1.6,17.432,0.04,4.7,6.590000000000001,5,1739
3,2021-10-14,1226.5,2.15,7.043333333333333,0.028333333333333332,1.6333333333333333,11.203333333333333,5,684
3,2021-12-06,1006.75,4.5,10.032499999999999,0.03,2.225,31.1925,5,316
3,2022-01-03,881.25,3.725,6.6675,0.0275,2.45,24.6275,5,153
3,2022-03-01,575.6666666666666,2.5,5.79,0.026666666666666665,2.466666666666667,13.943333333333333,5,327
3,2022-03-29,1025,3.475,11.68,0.0325,3.725,22.5025,5,692
3,2022-05-23,1069,2.54,14.264,0.038,7.6000000000000005,14.406,5,597
3,2022-06-07,951.3333333333334,1.3666666666666667,12.22,0.03333333333333333,3.6666666666666665,4.496666666666666,5,2333
3,2022-07-04,1221.3333333333333,1.5,14.193333333333333,0.03666666666666667,3.3333333333333335,5.8533333333333335,5,2983
3,2022-07-19,989.6,3.66,12.55,0.04,5.94,24.12,5,2748
3,2022-08-03,1208.3333333333333,1.9333333333333333,15.12,0.04,4.266666666666667,9.553333333333335,5,2613
3,2022-08-15,1588,1.94,15.814,0.04,4.92,9.626,5,2117
3,2022-08-29,1598.25,2.025,22.8575,0.04,5.975,10.2675,5,1894
3,2022-09-13,1338.6666666666667,3,16.356666666666666,0.04,4.5,18.64,5,959
3,2022-10-12,834.6666666666666,2.7333333333333334,11.523333333333333,0.023333333333333334,2.2,16.236666666666665,5,1026
3,2022-11-08,1623.25,5.1,18.38,0.0325,2.65,36.1075,5,436
3,2022-12-07,1604,3.3,9.356666666666667,0.03333333333333333,2,20.756666666666668,5,214
3,2023-01-04,1339.5,4.2,12.112499999999999,0.03,2.3,28.497500000000002,5,127
3,2023-01-30,730.75,3.5,9.6,0.0375,3.075,22.47,5,681
3,2023-02-28,1348,2.825,12.5825,0.03,3.0999999999999996,16.8975,5,792
3,2023-04-12,698,2.8,9.186666666666666,0.026666666666666665,2.2333333333333334,17.06,5,1555
3,2023-04-24,1639,4.9,11.276666666666667,0.03,2.333333333333333,34.42,5,1462
3,2023-06-22,1638.6,2.18,15.712,0.04,4.76,11.468,5,1098
3,2023-07-03,1004,4,15.68,0.04,6.05,26.93,5,2305
3,2023-07-17,1999,2.55,19.695,0.04,4.9,15.015,5,1942
3,2023-08-14,1623.6666666666667,2.2,16.756666666666668,0.04,2.7,11.736666666666666,5,2201
3,2023-09-12,1336,1.6,17.104999999999997,0.035,3.55,6.34,5,866
3,2024-01-29,562.5,5.5,5.2675,0.025,2.5999999999999996,39.385,5,495
3,2024-02-26,570.5,5.575,5.625,0.0275,3.625,40.195,5,308
3,2024-03-25,990.3333333333334,6.333333333333333,7.87,0.03,2.466666666666667,46.43333333333334,5,1246
3,2024-04-22,639.6666666666666,5.766666666666667,7.3966666666666665,0.03666666666666667,5.9,41.67333333333333,5,1611
3,2024-05-21,1455.25,5.3,8.9775,0.0325,2.8249999999999997,38.16,5,1401
3,2024-06-17,1636.4,2.12,12.85,0.03,2.68,10.932,5,2877
3,2024-07-01,975,2.85,12.625,0.04,6.9,16.97,5,2667
3,2024-07-15,1263.2,0.8,10.07,0.03,2.46,0,5,1831
3,2024-08-26,958,3.05,11.1425,0.035,3.4,18.9025,5,1302
3,2024-09-09,1044.2,2.88,13.636,0.034,3.8000000000000003,17.438,5,1170
3,2024-10-07,1081.4,2.6,11.808,0.032,2.34,15.128,5,1030
3,2024-11-05,1056,3.033333333333333,10.116666666666667,0.03333333333333333,2.6666666666666665,18.77,5,145
3,2024-12-03,1236.6,4.48,9.032,0.028,1.74,31.054,5,246
4,2016-05-03,NA,NA,NA,NA,3.0036893203883497,12.036008175825243,NA,2710
4,2016-05-30,NA,NA,NA,NA,0.9828,8.5113,NA,224
4,2016-05-31,NA,NA,NA,NA,1.3599999999999999,47.636,NA,1178
4,2016-06-13,NA,NA,NA,NA,0.9119541284403669,10.742443264082569,NA,1672
4,2016-06-14,NA,NA,NA,NA,0.8500000000000001,6.6425,NA,1362
4,2016-06-27,NA,NA,NA,NA,1.1,16.3,NA,1246
4,2016-06-29,NA,NA,NA,NA,1.2412058823529413,58.268844169411764,NA,1523
4,2016-07-13,NA,NA,NA,NA,1.468923076923077,20.136042510096154,NA,1876
4,2016-07-14,NA,NA,NA,NA,1.185,15.47,NA,2271
4,2016-07-25,NA,NA,NA,NA,5.512666666666666,23.835964913333335,NA,1924
4,2016-08-08,NA,NA,NA,NA,0.99,16.225,NA,2264
4,2016-08-11,NA,NA,NA,NA,1.5514414414414415,14.133812233243244,NA,405
4,2016-08-22,NA,NA,NA,NA,1.6565384615384615,30.294038461538463,NA,1658
4,2016-08-23,NA,NA,NA,NA,1.542,28.242,NA,2198
4,2016-09-05,NA,NA,NA,NA,1.4444943820224718,26.52461265516854,NA,1669
4,2016-09-06,NA,NA,NA,NA,0.85,8.225999999999999,NA,1095
4,2016-09-20,NA,NA,NA,NA,1.5331428571428571,26.518737427922076,NA,1545
4,2016-09-21,NA,NA,NA,NA,1.124,17.246,NA,1586
4,2016-10-03,NA,NA,NA,NA,1.0466746987951807,19.62086398228916,NA,797
4,2016-10-04,NA,NA,NA,NA,0.9,9.95,NA,609
4,2016-10-19,NA,NA,NA,NA,30.78333333333333,-65.83333333333333,NA,263
4,2016-11-02,NA,NA,NA,NA,0.7333333333333333,22.453333333333333,NA,565
4,2016-11-15,NA,NA,NA,NA,0.8875,33.9875,NA,87
4,2016-11-17,NA,NA,NA,NA,1.0281111111111112,41.91842105263889,NA,383
4,2016-12-01,NA,NA,NA,NA,0.725,26.2625,NA,156
4,2017-01-11,NA,NA,NA,NA,1.6612328767123288,33.45308579671233,NA,304
4,2017-02-08,NA,NA,NA,NA,6.817727272727272,29.92166267943182,NA,92
4,2017-02-20,NA,NA,NA,NA,0.8500000000000001,15.805,NA,257
4,2017-03-07,NA,NA,NA,NA,0.52,20.84,NA,1014
4,2017-03-20,NA,NA,NA,NA,0.9,19.443333333333335,NA,326
4,2017-04-18,NA,NA,NA,NA,1.7533333333333334,6.24,NA,1796
4,2017-04-20,NA,NA,NA,NA,7.180729166666667,2.986578947375,NA,2341
4,2017-05-01,NA,NA,NA,NA,2.63,23.1075,NA,1174
4,2017-05-03,NA,NA,NA,NA,8.954597701149426,18.474428984367815,NA,855
4,2017-05-15,NA,NA,NA,NA,6.127948717948718,18.242078272564104,NA,1743
4,2017-05-16,NA,NA,NA,NA,2.1375,7.465,NA,1842
4,2017-05-29,NA,NA,NA,NA,7.5739024390243905,14.871867779146342,NA,2487
4,2017-05-30,NA,NA,NA,NA,3.0180000000000002,12.668,NA,1421
4,2017-06-12,NA,NA,NA,NA,5.942525252525252,9.823274853767677,NA,2192
4,2017-06-13,NA,NA,NA,NA,0.865,5.1,NA,2749
4,2017-06-26,NA,NA,NA,NA,5.982631578947369,14.18403739605263,NA,2898
4,2017-06-27,NA,NA,NA,NA,1.75,17.0125,NA,1627
4,2017-07-10,NA,NA,NA,NA,2.8919108280254777,11.073861883993631,NA,1332
4,2017-07-11,NA,NA,NA,NA,1.2550000000000001,5.6125,NA,1335
4,2017-08-07,NA,NA,NA,NA,14.740361445783133,18.59321496506024,NA,2290
4,2017-08-08,NA,NA,NA,NA,1.624,9.21,NA,546
4,2017-08-21,NA,NA,NA,NA,8.792474226804124,13.37017532556701,NA,1535
4,2017-08-22,NA,NA,NA,NA,1.8525,16.7575,NA,2039
4,2017-09-04,NA,NA,NA,NA,1.9161904761904762,18.750476190476192,NA,782
4,2017-09-06,NA,NA,NA,NA,0.8333333333333334,6.033333333333333,NA,1216
4,2017-09-19,NA,NA,NA,NA,0.9794252873563218,15.57632183908046,NA,1380
4,2017-09-21,NA,NA,NA,NA,1.0250000000000001,19.41,NA,1355
4,2017-10-03,NA,NA,NA,NA,1,21.186666666666667,NA,1165
4,2017-10-18,NA,NA,NA,NA,0.924,25.374666666666666,NA,821
4,2017-10-19,NA,NA,NA,NA,0.8,27.266666666666666,NA,661
4,2017-11-21,NA,NA,NA,NA,0.574025974025974,29.175324675324674,NA,180
4,2017-11-28,NA,NA,NA,NA,0.6866666666666666,13.603333333333333,NA,255
4,2017-12-11,NA,NA,NA,NA,0.825,35.0725,NA,38
4,2017-12-14,NA,NA,NA,NA,0.9930898876404495,28.66952690707865,NA,197
4,2018-01-08,NA,NA,NA,NA,0.8,18.73,NA,108
4,2018-01-11,NA,NA,NA,NA,2.1929591836734694,21.813034371734695,NA,168
4,2018-01-22,NA,NA,NA,NA,0.9366666666666666,26.576666666666664,NA,343
4,2018-02-05,NA,NA,NA,NA,1.6175,67.3325,NA,746
4,2018-02-06,NA,NA,NA,NA,2.48375,48.516754934125,NA,698
4,2018-02-20,NA,NA,NA,NA,0.9550000000000001,34.9425,NA,476
4,2018-03-05,NA,NA,NA,NA,1.282972972972973,63.225945945945945,NA,1049
4,2018-03-08,NA,NA,NA,NA,1.1133333333333333,49.98,NA,803
4,2018-04-04,NA,NA,NA,NA,1.0666666666666667,24.2,NA,1215
4,2018-04-16,NA,NA,NA,NA,1.5318840579710145,29.16231884057971,NA,1941
4,2018-04-19,NA,NA,NA,NA,1.2,31.163333333333334,NA,2245
4,2018-04-30,NA,NA,NA,NA,2.8580246913580245,30.132098765432097,NA,337
4,2018-05-01,NA,NA,NA,NA,1.9125,27.525,NA,2325
4,2018-05-16,NA,NA,NA,NA,3.7855405405405405,28.006891891891893,NA,1279
4,2018-05-17,NA,NA,NA,NA,3.0375,19.755,NA,2539
4,2018-05-28,NA,NA,NA,NA,2.3668235294117648,9.987176470588235,NA,2510
4,2018-05-30,NA,NA,NA,NA,2.5375,16.5175,NA,2032
4,2018-06-11,NA,NA,NA,NA,2.471363636363636,34.18295454545454,NA,2878
4,2018-06-14,NA,NA,NA,NA,2.09375,6.4575,NA,979
4,2018-06-26,NA,NA,NA,NA,1.7766233766233765,12.518181818181818,NA,3022
4,2018-06-28,NA,NA,NA,NA,6.75,18.65,NA,2913
4,2018-07-09,NA,NA,NA,NA,4.59,3.25,NA,2273
4,2018-07-10,NA,NA,NA,NA,7.967283950617284,7.222839506172839,NA,556
4,2018-07-23,NA,NA,NA,NA,1.2740659340659342,6.28989010989011,NA,2691
4,2018-07-26,NA,NA,NA,NA,0.9475,6.545,NA,2511
4,2018-08-06,NA,NA,NA,NA,5.55,9.066666666666666,NA,2555
4,2018-08-09,NA,NA,NA,NA,2.0644444444444443,12.284444444444444,NA,414
4,2018-08-20,NA,NA,NA,NA,1.7650000000000001,6.2725,NA,1040
4,2018-08-23,NA,NA,NA,NA,2.2343434343434345,11.029420520969698,NA,913
4,2018-09-06,NA,NA,NA,NA,2.986276595744681,12.172206047021277,NA,968
4,2018-09-17,NA,NA,NA,NA,2.425,15.625,NA,1654
4,2018-09-20,NA,NA,NA,NA,2.3443298969072166,7.871134020618557,NA,1255
4,2018-10-15,NA,NA,NA,NA,2.12,17.26,NA,998
4,2018-10-18,NA,NA,NA,NA,3.631132075471698,5.939076464745283,NA,592
4,2018-11-12,NA,NA,NA,NA,1.244,12.87,NA,243
4,2018-11-13,NA,NA,NA,NA,1.25,15.9,NA,580
4,2019-06-27,NA,NA,NA,NA,37.946666666666665,4.531929824666666,NA,2963
4,2019-07-25,NA,NA,NA,NA,23.113333333333333,7.484210526333333,NA,2482
4,2020-04-16,1221,1.85,14.76,0.04,11.2,8.76,5,2098
4,2020-05-11,906,2.8,10.99,0.03,6.1,16.54,5,2720
4,2020-07-06,1999,2.5,18.93,0.04,4.1,14.08,5,2368
4,2020-07-21,1999,1.9,26.03,0.03,7.1,8.83,5,2741
4,2020-10-01,1455,2.1,11.28,0.03,2,11.04,5,329
4,2021-03-29,688,5.4,7,0.03,2.8,38.58,5,1915
4,2021-03-30,587,3.7,3.74,0.02,1.7,24.34,5,1901
4,2021-04-12,848,4.4,8.48,0.04,4.9,30.38,5,2207
4,2021-04-26,1999,2.3,15.01,0.04,12.8,12.48,5,2507
4,2021-04-29,659,2.9,7.63,0.04,12.7,17.96,5,1356
4,2021-05-10,1162,1.4,16.29,0.04,20.4,5.33,5,1879
4,2021-05-25,1122,2.55,11.35,0.04,10.55,14.455,5,1718
4,2021-06-08,1136,1.8,12.31,0.04,6.8,8.41,5,2874
4,2021-06-21,1151,1.4000000000000001,10.856666666666666,0.04,6.166666666666666,5.196666666666666,5,535
4,2021-07-05,1436,1.55,12.530000000000001,0.035,3.55,5.92,5,1750
4,2021-08-05,1052,1.4,8.65,0.03,3.1,4.54,5,2093
4,2021-09-01,1095.6666666666667,1.1666666666666667,11.973333333333333,0.026666666666666665,2.4,3.0300000000000002,5,695
4,2021-09-16,1670.5,1.75,17.665,0.03,4.1,7.92,5,1739
4,2021-10-14,1012.5,1.85,7.2,0.025,1.55,8.86,5,684
4,2021-10-25,699,2.5,4.53,0.01,1.4,14.4,5,388
4,2021-12-06,626.5,4.55,7.66,0.03,2.25,31.634999999999998,5,316
4,2022-02-17,674,3.7,4.32,0.01,2.3,24.02,5,847
4,2022-03-01,622,2,5.8,0.02,2.1,10.14,5,327
4,2022-03-29,1078.6666666666667,3.2,10.870000000000001,0.03,2.8666666666666667,20.246666666666666,5,692
4,2022-05-23,1146,1.8666666666666667,15.436666666666667,0.03666666666666667,6.466666666666667,8.733333333333334,5,597
4,2022-05-24,562,1.6,8.61,0.03,2.7,6.62,5,1938
4,2022-06-07,1216,1.75,14.66,0.035,3.8499999999999996,8.129999999999999,5,2333
4,2022-07-04,1045,1.9,13.68,0.03,3.2,9.51,5,2983
4,2022-07-19,1157.6666666666667,2.2,15.629999999999999,0.03666666666666667,5.5,11.726666666666667,5,2748
4,2022-08-03,1196,2,16.27,0.04,4.5,9.6,5,2613
4,2022-08-15,1078,2.2666666666666666,12.583333333333334,0.03333333333333333,3.7,12.09,5,2117
4,2022-08-29,1494,2.7,20.33,0.04,6,16.25,5,1894
4,2022-09-13,1523.5,3.05,17.275,0.035,3.5,18.835,5,959
4,2022-09-14,1600,2.4,15.29,0.03,2.9,13.56,5,380
4,2022-10-12,1148,3.9,13.92,0.03,2.4,25.67,5,1026
4,2022-11-08,1320.6666666666667,3.7333333333333334,15.636666666666667,0.03,1.9,24.733333333333334,5,436
4,2022-12-07,853.5,3.9,7.18,0.025,1.6,26.005000000000003,5,214
4,2022-12-08,1999,3.7,5.5,0.02,1.2,24.62,5,194
4,2023-01-04,486,3.9,7.4,0.02,2.2,26.11,5,127
4,2023-01-17,225,2.6,2.84,0.01,2.3,15.43,5,485
4,2023-01-30,643,3.6,8.63,0.03,2.8,23.22,5,681
4,2023-02-28,908.3333333333334,3.1333333333333333,10.066666666666666,0.03,2.7,19.73,5,792
4,2023-03-01,482,1.7,7.25,0.02,1.9,7.57,5,1299
4,2023-04-12,633.5,2.8499999999999996,7.91,0.02,2.1500000000000004,16.93,5,1555
4,2023-04-24,1654,2.35,10.594999999999999,0.03,2.05,13.04,5,1462
4,2023-06-22,1601.3333333333333,1.8333333333333333,14.703333333333333,0.03333333333333333,3.5,8.719999999999999,5,1098
4,2023-07-03,1463,3.966666666666667,18.786666666666665,0.04,6.333333333333333,26.653333333333332,5,2305
4,2023-07-17,1929,2.2333333333333334,20.74,0.03666666666666667,4.833333333333333,12.286666666666667,5,1942
4,2023-08-14,1440,1.7666666666666666,15.356666666666667,0.03,2.6,7.96,5,2201
4,2023-08-30,764,1.7,13.364999999999998,0.03,3.95,7.325,5,1795
4,2023-09-12,1999,1.8,19.18,0.04,3.5,8.34,5,866
4,2023-11-21,298,1.9,3.7,0.02,2,8.91,5,431
4,2024-01-29,444,4.9,4.85,0.02,2.6,34.5,5,495
4,2024-02-26,645,5.75,5.73,0.03,3.8499999999999996,41.870000000000005,5,308
4,2024-02-27,459,4.4,2.17,0.02,2.9,30.12,5,1156
4,2024-03-25,1426.6666666666667,3.7,6.79,0.023333333333333334,2.033333333333333,24.583333333333332,5,1246
4,2024-04-22,881,3.65,7.675,0.03,3.7,23.845,5,1611
4,2024-06-17,1193.3333333333333,2.2,12.143333333333334,0.03,3.1666666666666665,11.713333333333333,5,2877
4,2024-07-01,963.1666666666666,1.6666666666666665,13.578333333333333,0.045,4.333333333333333,7.291666666666666,5,2667
4,2024-07-15,1465.5,0.8,10.219999999999999,0.03,2.35,0,5,1831
4,2024-08-26,844,2.7,11.52,0.03,3.3,16.16,5,1302
4,2024-09-09,1053,2.2,13.573333333333332,0.03666666666666667,4.5,11.65,5,1170
4,2024-09-10,844,1.4,10.38,0.02,2.7,4.82,5,489
4,2024-10-07,1188.5,2.95,12.08,0.03,2.1500000000000004,18.2,5,1030
4,2024-10-08,696,1.6,9.37,0.02,2.3,6.3,5,968
4,2024-11-05,942.5,3.2,8.74,0.03,2.2,20,5,145
4,2024-12-03,782.5,3.45,5.76,0.02,1.45,22.525,5,246
4,2024-12-04,227,1.6,1.53,0.01,1.3,6.9,5,241
5,2009-01-15,517.09146094836,5.263,2.9959367505633,0.016053489999841,1.397,NA,NA,318
5,2009-02-12,535.627787868518,6.086,3.36132496602317,0.0117669295076732,2.244,NA,NA,600
5,2009-03-05,564.23131150389,2.322,5.02087555696245,0.0167690497488822,2.951,NA,NA,1058
5,2009-03-26,548.123272915373,2.096,7.08677718774289,0.0214608701381081,11.245,NA,NA,311
5,2009-04-23,577.371909451294,1.417,7.10343589230784,0.0185874554350558,33.85,NA,NA,2325
5,2009-05-08,525.549056074313,2.24,8.28352065988218,0.0277548391576997,9.379,NA,NA,1785
5,2009-05-28,616.227077993973,5.997,6.52297281146597,0.0166149941375101,9.04,NA,NA,1852
5,2009-06-25,640.197564143517,3.528,8.32574774344427,0.0209424077410226,7.381,NA,NA,2709
5,2009-07-09,556.612227497406,2.871,10.1720740217805,0.0264286974549401,4.48,NA,NA,1989
5,2009-08-27,635.759777197547,1.622,8.78255006187873,0.0176862797931317,5.146,NA,NA,1185
5,2009-09-24,591.297703220136,2.986,7.99546464624906,0.021347947362581,4.378,NA,NA,1592
5,2009-10-15,605.452577775931,2.389,7.23469110966379,0.0197704484014155,2.521,NA,NA,1016
5,2009-11-19,437.005712606138,3.062,4.77311146160351,0.0218226729710488,2.126,NA,NA,479
5,2009-12-10,428.977612181797,2.711,3.94156006607377,0.0184890499587193,1.623,NA,NA,194
5,2010-01-14,713.046777782477,3.7606,3.87004397196518,0.0143526910636294,3.204,NA,NA,166
5,2010-02-18,496.155756671209,6.257,3.41697087986179,0.0143660296278235,4.32,NA,NA,320
5,2010-03-18,504.566063138112,2.854,4.67933420035811,0.0153367469379782,7.565,NA,NA,1179
5,2010-04-09,484.387149380424,2.604,6.24194968024449,0.0216660192521394,15.695,NA,NA,2026
5,2010-04-29,413.459094244521,1.978,10.5534458801047,0.055798479516856,31.734,NA,NA,1920
5,2010-05-20,409.033090180363,1.445,7.61361292588136,0.0378697748322569,5.271,NA,NA,2427
5,2010-06-10,552.189872475148,1.277,8.33902056280891,0.0239004663867004,6.854,NA,NA,657
5,2010-06-24,662.189097465966,1.148,9.69826713359208,0.0378775563525629,2.661,NA,NA,2836
5,2010-07-15,808.841006278383,2.183,11.4478547838044,0.033426185673161,7.632,NA,NA,1976
5,2010-07-29,656.448755588315,2.453,11.8487172079391,0.0398506215319881,5.244125,NA,NA,1559
5,2010-08-26,602.399328194112,2.806,12.3835575130133,0.0475947909045006,3.516,NA,NA,503
5,2010-09-09,655.193835528628,8.498,8.81874713550971,0.038585279812099,4.649,NA,NA,1618
5,2010-09-23,602.118871012257,1.8,9.13321967241121,0.0401263263193307,3.448,NA,NA,395
5,2010-10-14,575.791061446048,3.338,10.2379430447356,0.0474993998300183,3.332,NA,NA,263
5,2010-11-19,593.933694823511,2.237,6.25478509268743,0.0322801118013476,2.492,NA,NA,175
5,2010-12-16,330.690452456736,5.376,3.88324710322577,0.0317422458693933,2.153,NA,NA,35
5,2011-01-13,517.508322193544,4.641,3.71849140920925,0.0247530479430291,2.155,NA,NA,93
5,2011-02-10,362.260868435526,2.896,3.65270210905349,0.0217911569754336,2.592,NA,NA,285
5,2011-03-03,509.347042500714,1.789,4.47470022167053,0.0228903418485873,7.052,NA,NA,1249
5,2011-03-17,552.320247857713,2.23,4.55077968372038,0.0231750000880136,4.978,NA,NA,143
5,2011-04-07,354.82026320808,4.3,5.14560765038534,0.0278344630095655,11.979,NA,NA,1808
5,2011-04-21,456.463727922771,11.4,6.13005737620193,0.0303235002474542,17.546,NA,NA,2022
5,2011-05-12,547.826988309153,5.23,7.70317994576262,0.0280773657856752,9.321,NA,NA,2426
5,2011-05-26,527.163559223289,1.74,9.53382863185346,0.0417688186104148,6.087,NA,NA,1081
5,2011-06-09,544.598531636651,2.26,6.83413696766306,0.02367833377712,5.731,NA,NA,2609
5,2011-06-23,574.541790805168,1.632,7.83634776873137,0.0257039782728761,6.39,NA,NA,2506
5,2011-07-07,662.891036544698,1.094,9.67059924638743,0.0304405457221294,5.35,NA,NA,2100
5,2011-07-21,600.385074234404,1.498,8.68967621651605,0.0292206262877619,3.56,NA,NA,1467
5,2011-08-19,671.863904791161,3.35,9.11183521186832,0.0322296527191794,4.551,NA,NA,2234
5,2011-09-01,652.446101907561,1.314,8.52762530321935,0.0328006842596126,4.029,NA,NA,2025
5,2011-09-15,605.552458538053,4.124,6.96915595315442,0.0261833259322775,3.192,NA,NA,1343
5,2011-09-29,540.473456507021,2.783,7.18280519251169,0.0285856630490419,3.258,NA,NA,1390
5,2011-10-13,550.612980068135,8.53,6.18226393955209,0.0224904707228126,3.406,NA,NA,1033
5,2011-11-24,433.430488001919,3.1669,5.5666055170008,0.0448732457569646,1.5836,NA,NA,434
5,2011-12-15,392.542820907793,6.086,3.08714830653718,0.0252213838607246,2.3885,NA,NA,162
5,2012-01-19,436.691857960922,5.12,3.62506493340823,0.022930043817141,2.82089,NA,NA,151
5,2012-02-09,388.619098392369,3.834,3.42957140149261,0.0216526618139018,2.5518,NA,NA,389
5,2012-03-22,339.98422973603,1.481,5.1726539840243,0.0265010154499222,4.894933,NA,NA,1610
5,2012-04-05,386.613042514061,1.571,6.44348916328728,0.0331872592601973,11.4827,NA,NA,573
5,2012-04-19,443.203679773905,3.0023,5.09457205104264,0.0220399706272429,33.594736,NA,NA,1252
5,2012-05-10,382.885709195344,2.72,7.39173157516112,0.0339570380622359,21.604928,NA,NA,929
5,2012-05-24,385.965110038523,1.3023,7.26714790146559,0.0342873589136697,11.847,NA,NA,2225
5,2012-06-21,476.200321758813,1.946,7.78069599474935,0.0295044823011015,4.209,NA,NA,1138
5,2012-07-05,477.555050740738,1.347,8.81129757936315,0.0293883802552893,4.657,NA,NA,1641
5,2012-08-09,453.784408621245,15.8812,13.513148430149,0.0590357828250977,3.299,NA,NA,2400
5,2012-08-30,489.028609350897,11.3565,10.5270810720291,0.0492139678187405,3.014,NA,NA,1360
5,2012-09-13,456.446235603772,1.025,9.22033540541509,0.0462233406548249,2.496,NA,NA,1146
5,2012-09-27,635.213499576789,6.0022,8.37009684423361,0.043557656834845,2.234,NA,NA,838
5,2012-11-14,390.093625382298,2.17,5.67245597231424,0.0366730913519289,1.791,NA,NA,582
5,2012-12-13,287.132922838227,1.75,3.87052041796569,0.0303167051345269,1.531,NA,NA,236
5,2013-01-17,299.966084834641,6.2219,3.26256762828579,0.0211450345784123,3.115,NA,NA,147
5,2013-02-07,261.723436366113,6.265,2.7656766247114,0.0203374763923943,2.41,NA,NA,468
5,2013-03-07,291.350339238065,2.866,2.35341576375932,0.0153526330320632,3.0133,NA,NA,508
5,2013-03-28,299.562485375257,1.699,2.93869596235449,0.0203552110590897,4.4891,NA,NA,1218
5,2013-04-11,343.485928968941,3.4906,5.08422093091809,0.0262047758309428,4.58,NA,NA,545
5,2013-04-26,387.828870968104,3.3619,5.66932313237143,0.0238993921706799,20.187,NA,NA,325
5,2013-05-09,385.986103359629,2.1129,5.41243763725996,0.020466357377584,35.958,NA,NA,2105
5,2013-05-24,449.725532523095,4.1115,4.89376092851498,0.0303075243093039,12.0269,NA,NA,789
5,2013-06-06,330.749575055583,2.8267,6.5315962339951,0.0481107829673892,4.1417,NA,NA,2820
5,2013-06-20,485.826171443925,3.9837,5.89845727465859,0.0332529906785589,4.891,NA,NA,1643
5,2013-07-04,549.448980676358,3.2485,8.87486396708963,0.0514877954813084,3.504,NA,NA,1396
5,2013-07-18,451.732482150238,3.1669,6.29768293584096,0.0248842847995882,8.977,NA,NA,2706
5,2013-08-08,366.966197032717,1.9569,7.68496043072545,0.0479217026306162,4.78,NA,NA,2370
5,2013-09-05,359.972536748997,1.196,7.5029583408802,0.05235813337307,3.286,NA,NA,1896
5,2013-09-19,327.474757611266,2.4149,6.93025652869638,0.0635202982245471,2.9546,NA,NA,564
5,2013-10-10,519.187364306888,8.92,12.950490582923,0.0655365285727442,2.9546,NA,NA,353
5,2013-11-07,555.044567678858,3.877,4.94513311800405,0.0253364846935206,3.1958,NA,NA,155
5,2013-12-05,265.362206059368,3.167,4.62769447660218,0.037027773571505,1.468,NA,NA,104
5,2016-05-03,NA,NA,NA,NA,1.3885789473684211,388.87927186165416,NA,2710
5,2016-05-31,NA,NA,NA,NA,1.840523178807947,94.97352387569536,NA,1178
5,2016-06-13,NA,NA,NA,NA,0.9,7.4,NA,1672
5,2016-06-14,NA,NA,NA,NA,1.1508954248366012,24.61582043345098,NA,1362
5,2016-06-27,NA,NA,NA,NA,1.2111333333333334,27.2983824562,NA,1246
5,2016-07-14,NA,NA,NA,NA,1.4216216216216215,18.822635135135137,NA,2271
5,2016-07-26,NA,NA,NA,NA,7.55,20.333834585714285,NA,2218
5,2016-08-08,NA,NA,NA,NA,1.3288732394366198,15.856071163802817,NA,2264
5,2016-08-23,NA,NA,NA,NA,1.884311377245509,30.41595650808383,NA,2198
5,2016-09-06,NA,NA,NA,NA,1.3222295081967212,18.77798677021858,NA,1095
5,2016-09-20,NA,NA,NA,NA,1.26,24.11,NA,1545
5,2016-09-21,NA,NA,NA,NA,1.379012048192771,22.961614933373493,NA,1586
5,2016-10-03,NA,NA,NA,NA,1.105,27.83,NA,797
5,2016-10-04,NA,NA,NA,NA,1.181276836158192,19.95779765096045,NA,609
5,2016-10-19,NA,NA,NA,NA,27.262758620689656,-66.82620689655172,NA,263
5,2016-11-02,NA,NA,NA,NA,1.0492446043165469,31.894324119640288,NA,565
5,2016-11-15,NA,NA,NA,NA,1.0311374045801527,37.943740458091604,NA,87
5,2016-11-17,NA,NA,NA,NA,0.8866666666666667,39.766666666666666,NA,383
5,2016-12-01,NA,NA,NA,NA,0.8136853146853147,29.12,NA,156
5,2017-01-11,NA,NA,NA,NA,0.7,39.989999999999995,NA,304
5,2017-01-12,NA,NA,NA,NA,2.0033333333333334,29.998642439365078,NA,250
5,2017-02-06,NA,NA,NA,NA,4.172337662337663,33.061237183896104,NA,218
5,2017-02-20,NA,NA,NA,NA,6.744411764705882,18.390367647132354,NA,257
5,2017-03-07,NA,NA,NA,NA,0.60625,27.71125,NA,1014
5,2017-03-20,NA,NA,NA,NA,2.64888,20.99624000008,NA,326
5,2017-04-18,NA,NA,NA,NA,6.621438356164384,11.990515501047945,NA,1796
5,2017-05-01,NA,NA,NA,NA,7.351148648648649,27.59195945945946,NA,1174
5,2017-05-15,NA,NA,NA,NA,2.85,16.395,NA,1743
5,2017-05-16,NA,NA,NA,NA,6.301466666666666,17.528947368466667,NA,1842
5,2017-05-29,NA,NA,NA,NA,3.72,15.274,NA,2487
5,2017-05-30,NA,NA,NA,NA,6.738333333333333,17.867036340892856,NA,1421
5,2017-06-13,NA,NA,NA,NA,6.8105,9.231796992507142,NA,2749
5,2017-06-27,NA,NA,NA,NA,12.417628205128205,22.350175438589744,NA,1627
5,2017-07-11,NA,NA,NA,NA,3.243784665579119,9.81761483643067,NA,1335
5,2017-08-07,NA,NA,NA,NA,2.755,16.835,NA,2290
5,2017-08-08,NA,NA,NA,NA,7.861096774193548,12.429500848922581,NA,546
5,2017-08-21,NA,NA,NA,NA,2.2,11.8,NA,1535
5,2017-08-22,NA,NA,NA,NA,9.414259259259259,17.33650747234568,NA,2039
5,2017-09-04,NA,NA,NA,NA,2,12.19,NA,782
5,2017-09-06,NA,NA,NA,NA,0.9804516129032258,10.335548387096773,NA,1216
5,2017-09-21,NA,NA,NA,NA,1.0630817610062893,23.906037735849058,NA,1355
5,2017-10-03,NA,NA,NA,NA,0.8795505617977528,12.731573033707866,NA,1165
5,2017-10-18,NA,NA,NA,NA,0.9500000000000001,26.46666666666667,NA,821
5,2017-10-19,NA,NA,NA,NA,0.6858024691358025,18.63888888888889,NA,661
5,2017-11-21,NA,NA,NA,NA,0.33333333333333337,20.633333333333333,NA,180
5,2017-11-28,NA,NA,NA,NA,0.786,12.081217105267857,NA,255
5,2017-12-11,NA,NA,NA,NA,1.1249006622516557,33.48771000350993,NA,38
5,2017-12-14,NA,NA,NA,NA,0.9,30.2,NA,197
5,2018-01-08,NA,NA,NA,NA,2.392,22.228319672857143,NA,108
5,2018-01-22,NA,NA,NA,NA,2.414391891891892,36.31529160736486,NA,343
5,2018-02-05,NA,NA,NA,NA,2.4024444444444444,47.43109356722222,NA,746
5,2018-02-20,NA,NA,NA,NA,1.9788079470198676,47.523262460794705,NA,476
5,2018-03-05,NA,NA,NA,NA,1.2,61.75,NA,1049
5,2018-03-08,NA,NA,NA,NA,1.1185925925925926,53.763703703703705,NA,803
5,2018-04-04,NA,NA,NA,NA,1.0931818181818183,24.304545454545455,NA,1215
5,2018-04-16,NA,NA,NA,NA,1.4,34.333333333333336,NA,1941
5,2018-04-19,NA,NA,NA,NA,1.1643949044585988,35.57656050955414,NA,2245
5,2018-04-30,NA,NA,NA,NA,2.025,24.75,NA,337
5,2018-05-01,NA,NA,NA,NA,1.2294117647058824,31.481176470588235,NA,2325
5,2018-05-17,NA,NA,NA,NA,2.7765359477124183,22.186013071895424,NA,2539
5,2018-05-30,NA,NA,NA,NA,2.5177358490566037,18.279119496855348,NA,2032
5,2018-06-14,NA,NA,NA,NA,2.045272727272727,13.943515151515152,NA,979
5,2018-06-26,NA,NA,NA,NA,1.7000000000000002,12.649999999999999,NA,3022
5,2018-06-28,NA,NA,NA,NA,1.7233576642335766,20.12846715328467,NA,2913
5,2018-07-09,NA,NA,NA,NA,3.9668992248062014,5.0637209302325585,NA,2273
5,2018-07-23,NA,NA,NA,NA,1.595,8.115,NA,2691
5,2018-07-26,NA,NA,NA,NA,1.1465853658536584,12.780569105691058,NA,2511
5,2018-08-06,NA,NA,NA,NA,1.2748148148148148,10.85925925925926,NA,2555
5,2018-08-20,NA,NA,NA,NA,2.1256381578947368,11.342306267302632,NA,1040
5,2018-09-03,NA,NA,NA,NA,2.7654421768707484,9.895714285687074,NA,588
5,2018-09-06,NA,NA,NA,NA,2.533333333333333,10.94,NA,968
5,2018-09-17,NA,NA,NA,NA,3.5320382165605095,17.32936640968153,NA,1654
5,2018-10-15,NA,NA,NA,NA,2.32,21.138125,NA,998
5,2018-10-29,NA,NA,NA,NA,5.425609756097561,22.34987163030488,NA,206
5,2018-11-13,NA,NA,NA,NA,1.5709876543209877,22.89320987654321,NA,580
5,2019-06-11,NA,NA,NA,NA,14.25,14.742105266666666,NA,2751
5,2020-04-14,1096.25,2.35,9.635,0.0225,2.675,12.785,5,1166
5,2020-04-28,1495.5,2.275,11.844999999999999,0.035,5.8,12.315,5,490
5,2020-05-11,1371.75,2.55,12.434999999999999,0.03,5.05,14.705,5,2720
5,2020-06-24,1645.3333333333333,2.3333333333333335,17.23,0.03,4.733333333333333,12.86,5,2945
5,2020-07-07,1702.6,2.02,17.14,0.03,3.94,10.234,5,2507
5,2020-10-01,1095.75,2.375,11.2175,0.0275,2.325,13.09,5,329
5,2020-10-15,1210.6,2.6,9.798,0.022,2.2,15.142,5,962
5,2020-10-26,976,2,9.755,0.0325,2.75,10.1425,5,869
5,2021-03-30,602.5,4.75,3.935,0.02,1.9249999999999998,33.3875,5,1901
5,2021-04-14,501.5,4.575,4.4025,0.03,3.3,31.9225,5,1834
5,2021-04-29,720.75,3.525,9.1375,0.04,11.625,22.880000000000003,5,1356
5,2021-05-11,1621,1.9000000000000001,16.633333333333333,0.04,12.8,9.190000000000001,5,1795
5,2021-05-26,1022.3333333333334,2.4,11.71,0.04,10.566666666666666,13.17,5,2479
5,2021-06-10,900.25,1.6,9.105,0.0375,5.025,6.779999999999999,5,2428
5,2021-07-06,994.6,1.5999999999999999,9.464,0.03,3.36,6.65,5,1840
5,2021-08-02,984.5,1.65,9.379999999999999,0.03,3.8000000000000003,6.97,5,2000
5,2021-08-17,1213.25,2.025,11.3775,0.03,3.575,10.07,5,388
5,2021-09-13,1506.25,1.9000000000000001,13.4725,0.03,3.325,9.095,5,1530
5,2021-09-29,740.75,1.35,5.9175,0.0225,1.775,4.49,5,928
5,2021-10-11,1462,3.533333333333333,10.06,0.03,2.4,22.893333333333334,5,728
5,2021-10-25,992.6666666666666,2.1666666666666665,6.093333333333334,0.02,1.8,11.266666666666666,5,388
5,2021-12-07,1091.4,6.28,5.9719999999999995,0.018000000000000002,1.94,46.336,5,262
5,2022-01-19,1674.6666666666667,3.033333333333333,6.65,0.02,2.1,18.47,5,124
5,2022-02-17,981.8,3.5,4.084,0.014,2.16,22.852,5,847
5,2022-03-03,1160.25,3.425,3.3375,0.02,2.4,21.9775,5,1272
5,2022-03-15,725.8,2.2399999999999998,5.238,0.02,2.12,12.052,5,742
5,2022-03-31,858.6666666666666,3.1666666666666665,6.898333333333333,0.02,2.1833333333333336,19.788333333333334,5,1153
5,2022-04-12,1111,2.025,10.3175,0.025,2.525,10.01,5,1835
5,2022-04-28,997.6,2.7,9.254,0.03,3.3,15.826,5,2240
5,2022-05-23,1397,1.6,15.37,0.04,6.3,6.56,5,597
5,2022-05-24,1299.3333333333333,1.5666666666666667,11.31,0.03,2.85,6.263333333333334,5,1938
5,2022-06-21,1247.2,1.84,17.182,0.036,6.72,8.538,5,2345
5,2022-07-06,1201,1.7,12.536,0.03,3.44,7.326,5,2417
5,2022-07-20,1236.5,1.8166666666666667,14.246666666666666,0.028333333333333332,3.2666666666666666,8.583333333333334,5,1073
5,2022-08-04,1137.5,1.7750000000000001,14.8475,0.0325,4.1,8.17,5,2049
5,2022-08-15,1050.5,1.4,11.71,0.035,3.8499999999999996,5,5,2117
5,2022-08-16,1307.75,1.875,13.5775,0.035,3.6,9.0075,5,1247
5,2022-08-30,1424.3333333333333,1.8333333333333333,15.185,0.03166666666666666,2.9333333333333336,8.465,5,1616
5,2022-09-14,1196,2.7666666666666666,13.046666666666667,0.03,2.466666666666667,16.393333333333334,5,380
5,2022-09-27,731.25,1.825,8.4125,0.0275,2.1500000000000004,8.255,5,1007
5,2022-10-13,1089.3333333333333,2.9333333333333336,9.281666666666666,0.023333333333333334,1.9,17.72833333333333,5,387
5,2022-11-09,981,3.6,5.955,0.02,1.55,23.61,5,510
5,2022-12-08,1231.6,3.42,2.892,0.008,0.98,22.054,5,194
5,2023-01-05,702.8333333333334,3.1666666666666665,4.6850000000000005,0.016666666666666666,1.8499999999999999,19.666666666666668,5,196
5,2023-01-17,622.6,3.18,4.696,0.02,2.26,19.882,5,485
5,2023-01-31,600.8,2.86,5.13,0.02,2.2,17.042,5,384
5,2023-03-01,600.3333333333334,2.433333333333333,6.816666666666666,0.02,1.9666666666666666,13.746666666666666,5,1299
5,2023-03-14,908.25,3,7.425,0.0225,1.95,18.450000000000003,5,636
5,2023-04-13,893.4,2.14,7.524,0.018000000000000002,2.02,11.176,5,2027
5,2023-04-25,1909,2.4,4.54,0.01,1.5,13.51,5,1836
5,2023-05-10,976.25,2.025,8.7275,0.0275,3.125,10.2775,5,1605
5,2023-06-06,812,1.45,9.415,0.03,3.3,5.415,5,2916
5,2023-06-22,1610,1.7,15.89,0.04,4.7,7.51,5,1098
5,2023-07-03,1304.5,3.4,18.009999999999998,0.04,7.699999999999999,21.815,5,2305
5,2023-07-05,1095,1.7,11.2,0.03,4.1,7.72,5,2536
5,2023-07-18,1999,2.066666666666667,15.656666666666666,0.03,2.9333333333333336,10.636666666666667,5,2610
5,2023-08-02,1040.5,1.7,10.64,0.035,3.4,7.665,5,1377
5,2023-08-15,1374.75,2.2,11.425,0.03,2.75,11.39,5,1953
5,2023-08-30,1534,2.4000000000000004,18.495,0.04,4.8,13.29,5,1795
5,2023-08-31,828,1.4,10.34,0.03,3.9,4.83,5,1367
5,2023-09-13,977,1.8666666666666667,9.166666666666666,0.02,2.2,8.92,5,1524
5,2023-10-10,543.25,1.975,5.35,0.02,1.925,9.805,5,1073
5,2023-11-21,858.8,3.02,5.112,0.02,2.42,18.744,5,431
5,2024-01-30,1999,5.566666666666666,4.526666666666666,0.02,2.7666666666666666,40.406666666666666,5,151
5,2024-02-27,532.4,5.92,3.882,0.026,3.7,43.226,5,1156
5,2024-03-12,795.3333333333334,4.15,3.8016666666666667,0.03,3.783333333333333,28.14666666666667,5,448
5,2024-04-23,570.2,3.72,2.988,0.012,1.76,24.468,5,2022
5,2024-05-22,737.75,2.55,4.095,0.0175,2.1,14.459999999999999,5,1111
5,2024-06-18,1010.4,2.68,5.7219999999999995,0.024,2.8,15.662,5,661
5,2024-07-15,1469,0.8,10.850000000000001,0.03,2.7,0,5,1831
5,2024-07-16,1155.6,0.8,7.84,0.026,2.42,0,5,1405
5,2024-08-27,1303.5,1.7833333333333332,12.636666666666667,0.028333333333333332,2.783333333333333,8.148333333333333,5,2114
5,2024-09-10,765.4,2.24,8.478,0.024,2.46,12.19,5,489
5,2024-09-25,1093.8,2.04,12,0.03,3.04,10.554,5,848
5,2024-10-08,1056.5,2.8833333333333333,8.43,0.021666666666666667,1.95,17.635,5,968
5,2024-10-21,675.7142857142857,2.6285714285714286,6.982857142857143,0.02,2.0285714285714285,15.202857142857143,5,254
5,2024-11-26,744.5,2.65,3.5933333333333333,0.016666666666666666,1.6666666666666667,15.708333333333334,5,249
5,2024-12-04,623.1666666666666,3.683333333333333,2.7016666666666667,0.01,1.4833333333333334,24.223333333333333,5,241
6,2016-05-03,NA,NA,NA,NA,1.0608936170212766,25.389171332553193,NA,2710
6,2016-05-31,NA,NA,NA,NA,1.395607843137255,517.4449845196078,NA,1178
6,2016-06-14,NA,NA,NA,NA,1.047125,25.79389254375,NA,1362
6,2016-06-27,NA,NA,NA,NA,1.24772,255.462747368,NA,1246
6,2016-07-14,NA,NA,NA,NA,1.393529411764706,19.70078431372549,NA,2271
6,2016-07-26,NA,NA,NA,NA,7.8085,26.66026316,NA,2218
6,2016-08-08,NA,NA,NA,NA,1.5286153846153847,18.13600202423077,NA,2264
6,2016-08-23,NA,NA,NA,NA,1.8582758620689654,45.796161524482756,NA,2198
6,2016-09-06,NA,NA,NA,NA,1.2550555555555556,26.68123781685185,NA,1095
6,2016-09-21,NA,NA,NA,NA,1.4504363636363635,45.64864114836364,NA,1586
6,2016-10-04,NA,NA,NA,NA,1.3343275862068966,31.003956442931035,NA,609
6,2016-10-19,NA,NA,NA,NA,31.154347826086955,-65.389130434782615,NA,263
6,2016-11-02,NA,NA,NA,NA,0.934530612244898,23.596691729387754,NA,565
6,2016-11-15,NA,NA,NA,NA,1.33675,70.17962719291667,NA,87
6,2016-12-01,NA,NA,NA,NA,0.9146511627906977,42.19069767441861,NA,156
6,2017-01-12,NA,NA,NA,NA,1.7848780487804878,52.226765083414634,NA,250
6,2017-02-06,NA,NA,NA,NA,4.147674418604651,54.93356181139535,NA,218
6,2017-02-20,NA,NA,NA,NA,9.510697674418605,26.765410036744186,NA,257
6,2017-03-07,NA,NA,NA,NA,0.8568181818181818,56.34772727272727,NA,1014
6,2017-03-20,NA,NA,NA,NA,1.9288636363636364,26.66748803818182,NA,326
6,2017-04-18,NA,NA,NA,NA,7.2684444444444445,22.74935672511111,NA,1796
6,2017-05-01,NA,NA,NA,NA,9.527450980392157,45.973065015686274,NA,1174
6,2017-05-16,NA,NA,NA,NA,4.763617021276596,20.251053191489362,NA,1842
6,2017-05-30,NA,NA,NA,NA,4.138333333333334,21.661003898703704,NA,1421
6,2017-06-13,NA,NA,NA,NA,9.223695652173912,19.788272311086956,NA,2749
6,2017-06-27,NA,NA,NA,NA,5.9174,40.499,NA,1627
6,2017-07-11,NA,NA,NA,NA,3.9415384615384617,21.20655581258242,NA,1335
6,2017-08-08,NA,NA,NA,NA,10.804285714285713,14.19831364122449,NA,546
6,2017-08-22,NA,NA,NA,NA,12.947777777777778,29.356150097407408,NA,2039
6,2017-09-06,NA,NA,NA,NA,0.8986666666666667,16.046666666666667,NA,1216
6,2017-09-21,NA,NA,NA,NA,1.2356896551724137,38.464137931034486,NA,1355
6,2017-10-03,NA,NA,NA,NA,0.8354838709677419,14.44774193548387,NA,1165
6,2017-10-19,NA,NA,NA,NA,0.8790697674418605,31.409302325581397,NA,661
6,2017-11-28,NA,NA,NA,NA,0.8657317073170732,15.267124518536585,NA,255
6,2017-12-11,NA,NA,NA,NA,1.3191764705882354,47.242920536470585,NA,38
6,2018-01-08,NA,NA,NA,NA,1.8466,37.4964526316,NA,108
6,2018-01-22,NA,NA,NA,NA,2.326363636363636,67.1130622009091,NA,343
6,2018-02-05,NA,NA,NA,NA,2.37,67.77236230116279,NA,746
6,2018-02-20,NA,NA,NA,NA,2.9080434782608697,80.98909611,NA,476
6,2018-03-08,NA,NA,NA,NA,1.4713636363636364,88.26181818181819,NA,803
6,2018-04-04,NA,NA,NA,NA,1.3711111111111112,52.473333333333336,NA,1215
6,2018-04-19,NA,NA,NA,NA,1.204,54.519777777777776,NA,2245
6,2018-05-01,NA,NA,NA,NA,1.5659574468085107,79.12765957446808,NA,2325
6,2018-05-17,NA,NA,NA,NA,2.6095744680851065,28.41127659574468,NA,2539
6,2018-05-30,NA,NA,NA,NA,2.686875,31.342291666666664,NA,2032
6,2018-06-14,NA,NA,NA,NA,2.1079166666666667,23.189166666666665,NA,979
6,2018-06-28,NA,NA,NA,NA,1.5272727272727273,30.311363636363637,NA,2913
6,2018-07-09,NA,NA,NA,NA,2.6795555555555555,13.94,NA,2273
6,2018-07-26,NA,NA,NA,NA,1.26825,24.7855,NA,2511
6,2018-08-06,NA,NA,NA,NA,1.2375,24.8575,NA,2555
6,2018-08-20,NA,NA,NA,NA,2.100222222222222,17.723976608222223,NA,1040
6,2018-09-03,NA,NA,NA,NA,2.31,13.5846947368,NA,588
6,2018-09-17,NA,NA,NA,NA,3.0169565217391305,25.077116704782608,NA,1654
6,2018-10-15,NA,NA,NA,NA,2.1979166666666665,32.62083333333333,NA,998
6,2018-10-29,NA,NA,NA,NA,8.90566037735849,32.70079443886792,NA,206
6,2018-11-13,NA,NA,NA,NA,1.6978723404255318,32.738297872340425,NA,580
6,2019-06-11,NA,NA,NA,NA,14.620000000000001,16.128947365000002,NA,2751
6,2020-04-14,1720,2.8,13.2,0.02,2.8,16.78,5,1166
6,2020-04-28,1761,3.3499999999999996,12.19,0.03,3.2,21.275,5,490
6,2020-05-11,1453.5,2.8499999999999996,12.02,0.03,4.25,16.875,5,2720
6,2020-06-24,1645,2.5,18.3,0.03,4.1,14.02,5,2945
6,2020-07-07,1999,3.7,18.68,0.03,4.1,24.46,5,2507
6,2020-10-01,1123.5,2.8499999999999996,10.329999999999998,0.025,2.25,17.169999999999998,5,329
6,2020-10-15,1999,3.9,11.19,0.02,2.1,25.76,5,962
6,2020-10-26,1415.5,2.65,8.809999999999999,0.025,2.05,15.635,5,869
6,2021-03-30,593,8,3.4349999999999996,0.02,2,60.72,5,1901
6,2021-04-14,467,7.55,4.12,0.025,2.9,57.015,5,1834
6,2021-04-29,811,5.35,10.195,0.04,9.85,38.16,5,1356
6,2021-05-11,1578,2.7,15.6,0.04,9.1,15.92,5,1795
6,2021-05-26,1108,3.5,12.22,0.04,10.2,22.71,5,2479
6,2021-06-10,902,1.9500000000000002,8.375,0.03,4,9.45,5,2428
6,2021-07-06,1126,1.9,7.77,0.02,2.5,8.82,5,1840
6,2021-08-02,1101,1.8,8.73,0.03,3,8.4,5,2000
6,2021-08-17,1205,3,11.08,0.025,3.05,18.509999999999998,5,388
6,2021-09-13,1788,2.8,11.64,0.03,2.6,17.16,5,1530
6,2021-09-29,659,2.2,5.29,0.01,1.6,11.64,5,928
6,2021-10-11,631,3.5,5.4,0.02,1.7,22.69,5,728
6,2021-10-25,1008,2.8,4.47,0.015,1.55,16.89,5,388
6,2021-12-07,449,13.75,3.87,0.02,2.1500000000000004,108.975,5,262
6,2022-02-17,702,3.6,3.18,0.01,2.1,23.56,5,847
6,2022-03-03,1999,5.8,3.57,0.02,2.4,42.24,5,1272
6,2022-03-15,519.5,3.6,4.43,0.02,2.3499999999999996,23.270000000000003,5,742
6,2022-03-31,700,4.15,4.865,0.015,1.9,27.909999999999997,5,1153
6,2022-04-12,807,3.2,8.03,0.02,2.2,20.04,5,1835
6,2022-04-28,1163,4.449999999999999,8.105,0.025,2.55,30.715,5,2240
6,2022-05-24,1218,2.25,9.32,0.025,2.65,12.39,5,1938
6,2022-06-21,1093,3.1,14.19,0.03,5.4,19.44,5,2345
6,2022-07-06,1166,2.8,11.98,0.03,3,16.66,5,2417
6,2022-07-20,883,2.7,11.08,0.02,2.6,15.88,5,1073
6,2022-08-04,1067,2,12.69,0.03,2.9,9.65,5,2049
6,2022-08-16,1834,2.1,12.44,0.03,2.7,10.72,5,1247
6,2022-08-30,1721,4.3,15.11,0.03,2.7,29.75,5,1616
6,2022-09-14,1678,5.8,11.41,0.02,2.2,41.97,5,380
6,2022-09-27,926,3.8,9.22,0.02,2.2,25.29,5,1007
6,2022-10-13,606,4.3,6.34,0.02,1.9,29.55,5,387
6,2022-11-09,615,5,5.37,0.02,1.7,35.2,5,510
6,2022-12-08,1821,6.6,6.84,0,0.9,48.99,5,194
6,2023-01-05,1418,4.7,4.535,0.02,2.05,33.14,5,196
6,2023-01-17,1999,6.2,4.97,0.02,2.7,45.24,5,485
6,2023-01-31,407,3.2,3.92,0.02,2.3,20.08,5,384
6,2023-03-01,654,2.8,5.67,0.01,1.9,17.06,5,1299
6,2023-03-14,620,6.2,5.82,0.01,2.2,45.11,5,636
6,2023-04-13,603,3.4,5.36,0.01,2.1,22.05,5,2027
6,2023-05-10,973,5.5,7.92,0.03,3,39.65,5,1605
6,2023-06-06,1564,1.8,10.07,0.04,3.7,8.62,5,2916
6,2023-07-05,883,1.3,10.48,0.03,3.7,4.47,5,2536
6,2023-07-18,1464,2.5,10.75,0.02,1.9,14.4,5,2610
6,2023-08-02,790,1.6,9.39,0.03,2.9,7.02,5,1377
6,2023-08-15,1323,3.6,11.04,0.03,2.6,23.33,5,1953
6,2023-08-31,854.5,1.8,10.145,0.03,3.5,8.345,5,1367
6,2023-11-21,1319,5.9,5,0.02,2.7,42.93,5,431
6,2024-01-30,1999,6.1,5.56,0.02,2.9,44.97,5,151
6,2024-02-27,547,7.5,4.18,0.02,3.8,56.33,5,1156
6,2024-03-12,532,9.8,3.4,0.03,4.5,76.16,5,448
6,2024-04-23,686,5.5,2.3,0.01,1.7,39.18,5,2022
6,2024-05-22,498,3.2,3.28,0.01,1.9,20.47,5,1111
6,2024-06-18,849,3.9,5.23,0.02,2.4,26.16,5,661
6,2024-07-04,723,3.2,7.17,0.03,3.8,19.96,5,2822
6,2024-07-16,1999,0.8,6.71,0.02,1.9,0,5,1405
6,2024-08-27,603,2.2,8.39,0.02,2.4,11.56,5,2114
6,2024-09-10,625,4.9,6.54,0.02,2.3,34.63,5,489
6,2024-09-25,1139,2.5,10.19,0.03,2.7,13.86,5,848
6,2024-10-08,729,4.3,5.59,0.02,1.8,29.47,5,968
6,2024-10-21,1441,3.5,7.48,0.02,2.1,22.42,5,254
6,2024-11-26,1653,3.2,3.11,0.02,1.8,19.72,5,249
6,2024-12-04,1329,5.6,1.82,0.01,1.5,40.22,5,241
7,2009-01-14,530.513462015399,8.427,2.56931788374153,0.0100518600287249,3,NA,NA,188
7,2009-02-11,539.469933355401,6.182,2.50286463673029,0.0107111582834015,3.165,NA,NA,591
7,2009-03-04,539.449033635132,1.882,4.84334903707725,0.0139930681003001,4.23,NA,NA,322
7,2009-03-25,583.178421707352,3.632,6.13582170362682,0.0202303507164217,22.518,NA,NA,1174
7,2009-05-27,553.273306012424,3.76,6.12601203850204,0.0165786865571857,4.67,NA,NA,1190
7,2009-06-24,557.024961802286,3.959,9.35292398731037,0.0233988038359427,3.671,NA,NA,2917
7,2009-07-08,624.920841730988,3.697,10.852594727092,0.0245668040777593,3.41,NA,NA,1550
7,2009-08-26,658.48065842825,2.969,10.3988144275799,0.0188007803269514,3.504,NA,NA,1481
7,2009-09-23,629.255258279844,6.845,5.71197880282768,0.0135048907111612,4.314,NA,NA,388
7,2009-10-14,674.690020834917,2.3,9.69125258311185,0.025705468841429,2.254,NA,NA,1155
7,2009-11-18,503.829996150885,3.332,5.78397169122551,0.0217224156457941,2.306,NA,NA,222
7,2009-12-09,590.332347803786,7.698,4.29578668754628,0.00746099996267192,5.82,NA,NA,105
7,2010-01-13,669.436292754874,6.09,4.13994097330453,0.0122423691464047,4.331,NA,NA,162
7,2010-02-17,821.81319420831,20.171,3.08895146129476,0.00989482476379931,6.132,NA,NA,458
7,2010-03-17,554.055867578911,6.024,4.26739525746657,0.0115391584808771,8.573,NA,NA,1167
7,2010-06-09,575.650354660909,2.192,7.31153357854211,0.0259317053720765,5.514,NA,NA,1010
7,2010-06-23,630.78552979678,3.581,7.97682183768683,0.031477759806974,6.326,NA,NA,2910
7,2010-07-14,797.228721347732,5.526,10.4281520333743,0.0313542819132701,5.381,NA,NA,1578
7,2010-07-28,724.012663855288,4.247,11.488071966804,0.0358728951236339,3.269,NA,NA,2286
7,2010-08-25,621.420509737624,8.575,8.02125128636114,0.0285495997637894,2.793,NA,NA,1211
7,2010-09-08,912.600421319476,7.395,9.53271056317265,0.0395717114674477,2.508,NA,NA,418
7,2010-09-22,511.992293729153,2.438,7.94663981867469,0.0361542529043776,2.156,NA,NA,1517
7,2010-10-13,477.668153621402,4.736,7.86464500029235,0.0364783745834583,3.103,NA,NA,350
7,2010-11-18,530.524825641847,2.604,5.74642826329359,0.0315714821823755,3.284,NA,NA,182
7,2010-12-15,442.946405414077,2.731,4.11715894901714,0.024122121128405,2.871,NA,NA,202
7,2011-01-12,457.774196643184,2.599,3.14266923910844,0.0226351220999282,1.674,NA,NA,52
7,2011-02-09,435.277716869787,10.806,3.87988938948383,0.0234320309851835,2.531,NA,NA,305
7,2011-03-02,502.248614841736,4.041,4.21095285222751,0.0244163567217262,7.998,NA,NA,1207
7,2011-03-16,582.268768614412,8.92,6.56791544388894,0.0238822972847758,14.901,NA,NA,1290
7,2011-05-11,489.569814636311,14.902,7.08011856024796,0.02777991436642,7.453,NA,NA,2638
7,2011-05-25,491.864220601889,5.555,8.33433498858561,0.0297943983192314,6.387,NA,NA,2818
7,2011-06-08,591.044242479172,2.703,6.89978968753976,0.0210804751607063,9.581,NA,NA,2436
7,2011-06-22,649.365874494592,30.106,7.06652336944637,0.0239114539451807,5.607,NA,NA,1318
7,2011-07-06,540.745294881137,6.648,9.28873852002829,0.0288031053559414,5.249,NA,NA,2092
7,2011-07-20,619.462986250779,6.514,8.64444770172994,0.0290664081040567,4.28,NA,NA,1517
7,2011-08-18,499.687922908233,6.021,7.91085093983937,0.027688643092332,3.726,NA,NA,1063
7,2011-08-31,628.033962764384,10.839,6.88390549256298,0.0264476719276085,3.508,NA,NA,729
7,2011-09-14,539.928807644172,6.329,5.4658322663715,0.0204661595251028,4.163,NA,NA,1740
7,2011-09-28,528.256319661311,10.67,8.00154204656811,0.0276759945629008,2.451,NA,NA,1396
7,2011-10-12,556.932697878428,5.208,4.99304947959201,0.0195801451836488,3.57,NA,NA,235
7,2011-11-23,414.69722852405,3.806,4.465705805758,0.0367706492265897,2.2722,NA,NA,406
7,2011-12-14,324.413811347807,18.096,3.19827445631771,0.0243843609751565,2.46629,NA,NA,94
7,2012-01-18,489.914906097053,6.086,4.75115309629217,0.0226175496535203,2.8122,NA,NA,119
7,2012-02-08,346.09147608122,6.086,2.88390429726118,0.0195030271963254,2.297143,NA,NA,362
7,2012-03-21,364.366428999503,5.896,5.79709643641856,0.0309809905886496,3.618727,NA,NA,1599
7,2012-04-04,366.530640823877,6.157,5.13598669641343,0.0229117978747821,17.773286,NA,NA,966
7,2012-06-20,494.870670195947,5.189,6.94694923638006,0.0245263247429768,3.327,NA,NA,2605
7,2012-07-04,515.905926095695,2.643,9.78879527857636,0.0362332998278806,2.588,NA,NA,2168
7,2012-08-08,400.164992060141,5.961,9.64185859256024,0.0380372280416641,2.98,NA,NA,1300
7,2012-08-29,582.15636182327,2.517,11.3326353631789,0.0438745721772211,2.565,NA,NA,1776
7,2012-09-12,485.207177909181,2.828,10.494364101912,0.0432199784638113,2.616,NA,NA,1458
7,2012-09-26,533.425033956443,7.183,7.46275026658826,0.0335090618108978,2.901,NA,NA,1211
7,2012-10-24,462.389505423607,4.247,5.59815745277049,0.0293336317338148,3.005,NA,NA,561
7,2012-11-14,354.521014047388,3.71,3.43707639874408,0.0227828305502544,2.32,NA,NA,582
7,2012-12-12,465.523049025901,4.12,3.26120874334258,0.0219035584982262,2.894,NA,NA,387
7,2013-01-16,334.854048167378,6.59,1.73677306967748,0.0111516673646775,5.187,NA,NA,497
7,2013-02-06,315.241422991005,3.069,2.50742803239611,0.0129802327863593,2.356,NA,NA,617
7,2013-03-06,365.831295875283,6.595,1.99518253734804,0.011199404728139,3.849,NA,NA,790
7,2013-03-27,366.883846899889,4.673,2.39409499948378,0.0141836542408576,3.74358,NA,NA,1760
7,2013-04-10,319.170182152781,6.086,4.24304279672953,0.0211984331040257,4.70085,NA,NA,1008
7,2013-04-25,405.751584889451,3.087,5.96326724866929,0.0246366531324918,15.4302,NA,NA,1979
7,2013-06-05,574.804713996741,5.733,7.69512091928716,0.0313307889748528,17.5635,NA,NA,2940
7,2013-06-19,381.572752322024,4.839,6.55800785173544,0.0352188442296624,5.0134,NA,NA,1225
7,2013-07-03,424.966441309243,3.403,7.32525627159249,0.04403443320116,3.0826,NA,NA,875
7,2013-07-17,495.62125621182,7.641,6.69629540673798,0.0266885829567469,4.1088,NA,NA,2129
7,2013-08-07,464.895921877023,5.076,8.246355189878,0.0403676164466893,3.0693,NA,NA,449
7,2013-09-04,314.478086814987,5.097,7.06014493572709,0.0481492311005622,2.2299,NA,NA,1889
7,2013-09-18,351.886343003857,1.566,6.68103204814251,0.0425381693037012,2.21199,NA,NA,712
7,2013-11-06,450.309715435004,8.92,3.76205539927251,0.0176843480518091,3.7104,NA,NA,147
7,2013-12-04,366.158692238538,5.603,3.46156235339401,0.0131696591472404,3.046,NA,NA,97
7,2016-05-03,NA,NA,NA,NA,0.9141914893617021,31.35665173574468,NA,2710
7,2016-05-31,NA,NA,NA,NA,1.2460754716981133,22.91118172792453,NA,1178
7,2016-06-14,NA,NA,NA,NA,1.0211886792452831,13.793048659433962,NA,1362
7,2016-06-27,NA,NA,NA,NA,1.2078653846153846,176.37168016153845,NA,1246
7,2016-07-14,NA,NA,NA,NA,1.4189795918367347,16.16938775510204,NA,2271
7,2016-07-26,NA,NA,NA,NA,7.9195,14.993157895,NA,2218
7,2016-08-08,NA,NA,NA,NA,1.3424074074074075,12.202319688148147,NA,2264
7,2016-08-23,NA,NA,NA,NA,1.7756451612903226,51.5158064516129,NA,2198
7,2016-09-06,NA,NA,NA,NA,1.334704918032787,24.717126833442624,NA,1095
7,2016-09-21,NA,NA,NA,NA,1.3801764705882353,51.491501547941176,NA,1586
7,2016-10-04,NA,NA,NA,NA,1.1699152542372881,26.56214094559322,NA,609
7,2016-10-19,NA,NA,NA,NA,33.231914893617024,-64.95106382978723,NA,263
7,2016-11-02,NA,NA,NA,NA,1.0043064516129032,23.317025561290322,NA,565
7,2016-11-15,NA,NA,NA,NA,1.4445238095238095,90.51178780285714,NA,87
7,2016-12-01,NA,NA,NA,NA,0.8685714285714285,34.7869387755102,NA,156
7,2017-01-12,NA,NA,NA,NA,1.8433333333333333,77.72356725155555,NA,250
7,2017-02-06,NA,NA,NA,NA,5.354,63.99341228066667,NA,218
7,2017-02-20,NA,NA,NA,NA,4.730408163265307,25.42338345857143,NA,257
7,2017-03-07,NA,NA,NA,NA,0.9418181818181819,69.36181818181818,NA,1014
7,2017-03-20,NA,NA,NA,NA,1.8396610169491525,23.665611061525425,NA,326
7,2017-04-18,NA,NA,NA,NA,3.9102,23.2358736842,NA,1796
7,2017-05-01,NA,NA,NA,NA,6.3625454545454545,55.387416268,NA,1174
7,2017-05-16,NA,NA,NA,NA,6.283148148148149,17.51779727111111,NA,1842
7,2017-05-30,NA,NA,NA,NA,3.629298245614035,22.060637119122806,NA,1421
7,2017-06-13,NA,NA,NA,NA,5.223333333333333,21.381661506666667,NA,2749
7,2017-06-27,NA,NA,NA,NA,10.648333333333333,50.53800637969697,NA,1627
7,2017-07-11,NA,NA,NA,NA,2.4066985645933014,20.143089901770335,NA,1335
7,2017-08-08,NA,NA,NA,NA,5.401111111111111,13.57199805074074,NA,546
7,2017-08-22,NA,NA,NA,NA,5.174905660377359,35.498103276981134,NA,2039
7,2017-09-06,NA,NA,NA,NA,0.8498148148148148,15.465185185185184,NA,1216
7,2017-09-21,NA,NA,NA,NA,1.391641791044776,51.90089552238806,NA,1355
7,2017-10-03,NA,NA,NA,NA,0.8452777777777778,12.788333333333334,NA,1165
7,2017-10-19,NA,NA,NA,NA,0.9608695652173913,33.31086956521739,NA,661
7,2017-11-28,NA,NA,NA,NA,0.828595238095238,11.53515037595238,NA,255
7,2017-12-11,NA,NA,NA,NA,1.4050535714285715,57.762575187857145,NA,38
7,2018-01-08,NA,NA,NA,NA,2.4085483870967743,41.33241935483871,NA,108
7,2018-01-22,NA,NA,NA,NA,2.759795918367347,41.94195488734694,NA,343
7,2018-02-05,NA,NA,NA,NA,2.440377358490566,87.25076464754717,NA,746
7,2018-02-20,NA,NA,NA,NA,2.0988235294117645,75.14045407627451,NA,476
7,2018-03-08,NA,NA,NA,NA,1.5063934426229508,93.67491803278689,NA,803
7,2018-04-04,NA,NA,NA,NA,1.4469387755102041,55.844897959183676,NA,1215
7,2018-04-19,NA,NA,NA,NA,1.0918867924528302,47.26433962264151,NA,2245
7,2018-05-01,NA,NA,NA,NA,1.665625,91.915625,NA,2325
7,2018-05-17,NA,NA,NA,NA,2.576530612244898,26.27387755102041,NA,2539
7,2018-05-30,NA,NA,NA,NA,2.7320967741935482,35.43016129032258,NA,2032
7,2018-06-14,NA,NA,NA,NA,2.0071666666666665,22.839,NA,979
7,2018-06-28,NA,NA,NA,NA,1.2826086956521738,29.919565217391305,NA,2913
7,2018-07-09,NA,NA,NA,NA,2.6484782608695654,16.636304347826087,NA,2273
7,2018-07-26,NA,NA,NA,NA,1.226046511627907,29.59860465116279,NA,2511
7,2018-08-06,NA,NA,NA,NA,1.1357142857142857,29.31904761904762,NA,2555
7,2018-08-20,NA,NA,NA,NA,2.049923076923077,16.735375,NA,1040
7,2018-09-03,NA,NA,NA,NA,2.2701818181818183,14.850066985636364,NA,588
7,2018-09-17,NA,NA,NA,NA,2.7849056603773583,24.193147964339623,NA,1654
7,2018-10-15,NA,NA,NA,NA,2.0732142857142857,38.38392857142857,NA,998
7,2018-10-29,NA,NA,NA,NA,5.112727272727272,28.704114832545454,NA,206
7,2018-11-13,NA,NA,NA,NA,1.6315068493150686,30.427397260273974,NA,580
7,2019-06-11,NA,NA,NA,NA,14.36,13.16,NA,2751
7,2020-04-14,1999,2.7,11.79,0.02,2.6,16.28,5,1166
7,2020-04-28,1999,3,13.86,0.03,3.2,18.19,5,490
7,2020-06-24,1868.5,2.9,16.79,0.03,3.45,17.685,5,2945
7,2020-07-07,1999,2.7,18.55,0.03,3.6,15.92,5,2507
7,2020-10-26,1253,2.2,7.38,0.02,2,11.88,5,869
7,2021-03-30,434,13.8,3.51,0.02,2.2,109.48,5,1901
7,2021-04-14,505,13.3,4.01,0.02,2.8,105.2,5,1834
7,2021-04-29,941,7.1,10.93,0.04,9.3,52.96,5,1356
7,2021-05-11,1846.5,3.25,16.28,0.04,6.25,20.765,5,1795
7,2021-05-26,1310,4.1,13.36,0.04,10.1,27.58,5,2479
7,2021-07-06,1705,1.8,6.99,0.02,2.1,7.94,5,1840
7,2021-09-13,1293,2.6,9.39,0.02,2.3,15.04,5,1530
7,2021-09-29,734,1.4,3.39,0.01,1.3,5.16,5,928
7,2021-10-11,617,4.3,4.31,0.01,1.6,29.64,5,728
7,2021-10-25,1999,4.9,3.71,0.01,1.4,34.21,5,388
7,2022-03-03,273.5,8.5,2.475,0.02,2.8499999999999996,64.53,5,1272
7,2022-03-31,644,5.1,4.27,0.01,1.9,36.34,5,1153
7,2022-04-12,1421,2.6,6.33,0.02,2,14.93,5,1835
7,2022-04-28,1174,6.4,7.98,0.02,2.5,46.8,5,2240
7,2022-05-24,1381.5,2.3,7.665,0.02,2.1500000000000004,12.515,5,1938
7,2022-06-21,1196,2.4,13.5,0.03,4.2,13.41,5,2345
7,2022-07-06,1068,2.1,9.68,0.02,2.4,10.9,5,2417
7,2022-07-20,1999,2.5,11.06,0.02,2.1,14.44,5,1073
7,2022-08-04,1085,1.8,11.19,0.03,2.7,8.58,5,2049
7,2022-08-16,1746,3.1,12.46,0.03,2.6,19.44,5,1247
7,2022-09-27,717,2.5,6.52,0.01,1.7,14.29,5,1007
7,2022-10-13,1999,5,8.95,0.02,1.7,34.99,5,387
7,2022-11-09,783,5.8,5.13,0.01,1.6,41.67,5,510
7,2022-12-08,1368.6666666666667,6,12.993333333333334,0,0.8,43.79666666666667,5,194
7,2023-01-31,483,3.5,4.41,0.02,2.4,22.58,5,384
7,2023-03-01,1014,2.9,5.05,0.01,1.8,17.72,5,1299
7,2023-03-14,762,3.2,4.75,0.02,2.1,20.16,5,636
7,2023-04-13,820,2.2,5.3,0.01,2,11.99,5,2027
7,2023-05-10,853,3.7,7.5,0.02,2.7,24.05,5,1605
7,2023-06-06,915.5,2.4000000000000004,8.425,0.025,3,13.18,5,2916
7,2023-07-05,1055,3.5,11.17,0.026666666666666665,3.3,22.71333333333333,5,2536
7,2023-07-18,1497,3.1,10.79,0.02,2,19.3,5,2610
7,2023-08-02,934,1.85,9.870000000000001,0.03,2.9,8.739999999999998,5,1377
7,2023-08-15,1047,3.4,9.45,0.02,2.5,22.14,5,1953
7,2023-08-31,1150,1.8,10.5,0.03,3.1,8.55,5,1367
7,2023-11-21,543.5,4.550000000000001,4.305,0.02,2.8499999999999996,31.625,5,431
7,2024-01-30,1499,8.1,4.99,0.03,3,61.75,5,151
7,2024-03-12,478,11.15,3.4699999999999998,0.03,4.4,87.28,5,448
7,2024-04-23,492,6.3,2.23,0.01,1.8,46.48,5,2022
7,2024-05-22,1173.5,3.8,3.48,0.01,1.95,25.36,5,1111
7,2024-06-18,752,2.8,4.59,0.01,2.1,16.47,5,661
7,2024-07-04,1065,2.2,7.22,0.02,2.9,11.32,5,2822
7,2024-07-16,711,0.8,3.55,0.01,1.8,0,5,1405
7,2024-08-27,1112,2.9,8.8,0.02,2.4,17.48,5,2114
7,2024-09-10,724,3.5,5.74,0.02,1.9,22.84,5,489
7,2024-09-25,660.5,2.7,7.06,0.02,2.2,15.68,5,848
7,2024-10-08,771,4.3,5.14,0.01,1.7,29.69,5,968
7,2024-10-21,731.5,5,4.955,0.015,1.85,35.045,5,254
7,2024-11-26,234,2.9,1.41,0.01,1.7,17.68,5,249
7,2024-12-04,657.5,8,1.945,0.01,1.7,60.25,5,241
9,2009-08-26,648.274562117787,1.918,12.7230595090871,0.0242520787130734,2.445,NA,NA,1481
9,2009-09-23,556.677590579794,3.278,8.07050714861017,0.0193006294566822,2.882,NA,NA,388
9,2009-10-14,572.998609936375,20.831,7.47287408770621,0.0221071933114668,1.839,NA,NA,1155
9,2009-11-18,523.730850981483,6.802,8.66600660388776,0.0318984183437816,2.484,NA,NA,222
9,2009-12-09,588.799969792174,9.04,4.72266147910987,0.0108204302881495,6.041,NA,NA,105
9,2010-02-17,669.808732009784,5.969,3.33094627087834,0.0116196040957388,4.71,NA,NA,458
9,2010-03-17,512.796013281527,4.329,3.77928434368694,0.0116131867746983,6.592,NA,NA,1167
9,2010-06-09,576.594290957574,3.433,7.17347846466492,0.0205880855625069,5.95,NA,NA,1010
9,2010-06-23,648.341973624902,2.479,5.76820915790236,0.0218143242465896,6.069,NA,NA,2910
9,2010-07-14,805.780268976905,2.833,13.1125380379674,0.0369477040193659,3.617,NA,NA,1578
9,2010-07-28,773.669293190616,3.138,11.2216672713666,0.0320625374490243,2.855,NA,NA,2286
9,2010-08-25,562.032262847634,3.235,7.93388161378931,0.0253789940354552,2.817,NA,NA,1211
9,2010-09-08,712.824001173502,3.132,9.20768609796537,0.0336215244649433,2.174,NA,NA,418
9,2010-09-22,418.027394930383,6.125,8.8059542947727,0.0386577595272858,1.648,NA,NA,1517
9,2010-10-13,438.935537214621,3.12,7.38990566569885,0.0368633315548641,2.545,NA,NA,350
9,2010-12-15,467.616982033904,3.337,4.39594951983069,0.0263033439714521,2.079,NA,NA,202
9,2011-01-12,518.259886195446,3.509,2.02423612926722,0.0159816098985074,1.501,NA,NA,52
9,2011-02-09,405.638262489154,5.899,2.47228241972332,0.0142807302856955,3.195,NA,NA,305
9,2011-03-02,480.929424782915,2.293,3.56974765372993,0.0194079601147436,8.798,NA,NA,1207
9,2011-03-16,573.847554449023,8.92,4.20311115653547,0.0158904324820738,14.016,NA,NA,1290
9,2011-05-11,498.367971155989,1.706,6.51642307743417,0.0283593547839795,8.068,NA,NA,2638
9,2011-05-25,460.953537558828,13.689,6.26248247553203,0.0269897520627343,6.701,NA,NA,2818
9,2011-06-08,578.965858204458,16.143,6.99662942946614,0.0264464342771268,6.256,NA,NA,2436
9,2011-06-22,657.934427354981,9.027,4.86498326501003,0.0183467303523686,6.963,NA,NA,1318
9,2011-07-06,625.072882245389,5.154,8.52114655625981,0.027228657437629,4.253,NA,NA,2092
9,2011-07-20,675.66998033716,3.614,8.1617054303868,0.0304788973418305,3.733,NA,NA,1517
9,2011-08-18,511.987632891198,8.607,7.67266479187235,0.0280548947755324,3.432,NA,NA,1063
9,2011-08-31,566.15069730533,7.444,7.66955255685768,0.026405111067312,2.751,NA,NA,729
9,2011-09-14,507.480660166502,9.42,6.2730028097045,0.0268726325100239,2.94,NA,NA,1740
9,2011-09-28,485.453166448567,3.797,6.61597000381843,0.0267231327412108,2.577,NA,NA,1396
9,2011-10-12,501.27308676958,7.202,4.64284929267779,0.0169950280114395,4.15,NA,NA,235
9,2011-11-23,385.948254128989,15.323,4.78471194617032,0.0346654908329621,2.4572,NA,NA,406
9,2011-12-14,336.487449710202,3.602,2.68875837516484,0.0206225525917069,2.85233,NA,NA,94
9,2012-01-18,480.038183223646,6.086,4.47809015171527,0.0267626995066077,2.93,NA,NA,119
9,2012-02-08,295.527120702859,6.086,2.66156902086039,0.0204536993605743,1.905714,NA,NA,362
9,2012-03-21,345.582672583222,5.784,4.52137348325819,0.0253358642875969,2.985667,NA,NA,1599
9,2012-04-04,368.686855131891,2.529,7.13356811019394,0.0327154134191778,12.152127,NA,NA,966
9,2012-06-20,467.50708215119,4.501,9.04760052651978,0.0266629391112614,5.96,NA,NA,2605
9,2012-07-04,455.207677845341,2.374,7.49466865851914,0.0272843319423052,3.01,NA,NA,2168
9,2012-08-08,410.955358246091,3.221,9.11555874513295,0.0405211506205762,2.916,NA,NA,1300
9,2012-08-29,545.37359148157,2.134,8.80894289493884,0.0385924775392243,2.865,NA,NA,1776
9,2012-09-12,439.856450068861,2.447,8.29840993699318,0.0356120096619473,3.398,NA,NA,1458
9,2012-09-26,587.956900931936,3.454,5.07486684888937,0.0272244992525257,4.625,NA,NA,1211
9,2012-10-24,555.545197240873,2.971,5.72215210317259,0.0321716633863607,2.628,NA,NA,561
9,2012-11-14,412.179858106242,2.87,4.06785365142457,0.022845648908804,2.541,NA,NA,582
9,2012-12-12,389.478193920353,5.85,2.78646625606482,0.0136791124247049,3.878,NA,NA,387
9,2013-01-16,341.315958652639,6.04,2.35119690205916,0.0121092588643031,3.089,NA,NA,497
9,2013-02-06,322.104326103038,3.999,1.63063644217143,0.0120319247688286,1.983,NA,NA,617
9,2013-03-06,339.696756119708,7.601,1.90643958599002,0.0101559905202202,4.247,NA,NA,790
9,2013-03-27,289.539354183218,4.392,2.33419557800179,0.0150066479883708,3.3246000000000002,NA,NA,1760
9,2013-04-10,307.72040930076,6.762,2.66794822899113,0.0134115116842136,6.16187,NA,NA,1008
9,2013-04-25,412.92898810278,3.072,5.40335023782709,0.0201513865832595,14.53609,NA,NA,1979
9,2013-06-19,434.236035087228,4.282,5.52177294609901,0.0299790071254165,4.439,NA,NA,1225
9,2013-07-03,408.72090525446,6.535,7.55808618767476,0.0455142416679322,3.3183,NA,NA,875
9,2013-07-17,495.128217693649,7.416,5.63978672774382,0.0253669884017386,4.274,NA,NA,2129
9,2013-08-07,454.769571282642,2.517,7.13928552747199,0.0348262348759516,2.8802,NA,NA,449
9,2013-09-04,349.523350777837,3.167,6.4753679923211,0.0461372089579183,2.4434,NA,NA,1889
9,2013-09-18,363.147432098524,8.441,8.12563795701251,0.0574195078884462,1.7085,NA,NA,712
9,2013-10-09,536.034599526462,7.23,10.4098362314802,0.0452216981295604,1.70846,NA,NA,532
9,2013-11-06,424.024033869547,8.92,3.73009790772293,0.0177225931599147,5.4285,NA,NA,147
9,2013-12-11,369.609802208868,3.277,3.06674245031707,0.0174244635673944,3.344,NA,NA,432
9,2014-01-22,220.362747860094,4.984,0.855741003492843,0.0112008870107057,7.983,NA,NA,261
9,2014-02-26,397.179398564472,4.339,1.74945438200285,0.00805807008293537,7.983,NA,NA,829
9,2014-03-26,483.530459565683,3.728,3.59154581046419,0.0160421151247571,14.171,NA,NA,735
9,2014-04-09,642.447519543879,3.927,5.4087859648154,0.0153353025229823,18.301,NA,NA,2037
9,2014-04-24,655.912348134554,2.337,7.85841209420249,0.0280274937519824,4.794,NA,NA,1415
9,2014-05-07,639.008824709065,2.296,3.78156816331141,0.0100744641603698,7.31,NA,NA,1558
9,2014-05-21,526.19534606859,1.717,5.99533379111781,0.0298250598295868,5.649,NA,NA,968
9,2014-06-04,610.026893489946,2.62,6.55602369955304,0.0293042713153827,4.369,NA,NA,766
9,2014-06-18,603.05898075586,2.151,5.81223307655425,0.0233543325610776,4.353,NA,NA,1571
9,2014-07-30,588.494388372073,2.816,10.2681391817321,0.0463364115128849,4.61,NA,NA,1872
9,2014-08-13,594.279388295343,4.124,4.48079450948027,0.0184212351511753,4.72,NA,NA,2459
9,2014-08-27,528.078710426904,3.845,3.95412633836884,0.018857390686819,3.64,NA,NA,2039
9,2014-09-10,404.403352594347,3.303,3.36078170318954,0.01915021667713,3.63,NA,NA,1132
9,2014-09-24,694.323680803881,4.198,3.20046903710914,0.0177726622004031,3.33,NA,NA,889
9,2014-10-08,656.436273658259,5.548,5.93373952043989,0.0204066124829793,2.62,NA,NA,398
9,2014-11-05,383.562056561933,2.935,5.39134614722925,0.0285584833249083,1.82,NA,NA,280
9,2014-12-10,538.32318325085,6.193,2.44335325949066,0.00577139266708733,4.87,NA,NA,292
9,2015-01-21,229.188323011562,4.43,1.1866676983527,0.0129306887094162,0.99995,NA,NA,301
9,2015-02-18,392.992752652597,4.263,1.04788341388458,0.0130168706074205,1.1805,NA,NA,961
9,2015-03-11,290.051991617408,4.105,1.97187013820788,0.0141597064446445,1.45826,NA,NA,1206
9,2015-04-01,258.09253880806,3.913,0.76814865690383,0.00628056016492014,3.23253,NA,NA,1824
9,2015-04-22,459.583680158958,7.259,7.53146229846526,0.0325885428700137,2.82112,NA,NA,1104
9,2015-05-20,533.013395838958,7.493,5.18025185390858,0.0212517736202714,5.34837,NA,NA,2553
9,2015-06-03,544.728532533894,4.489,5.87437721263867,0.0269715342546843,4.89777,NA,NA,2886
9,2015-06-24,586.836802892762,2.077,6.08986813801961,0.0241305641749551,4.99573,NA,NA,2752
9,2015-07-08,714.690612968869,2.201,9.42456272821525,0.0325063061292957,5.40714,NA,NA,1353
9,2015-07-29,579.057617250877,2.784,10.449726218192,0.032884007393517,2.35093,NA,NA,2073
9,2015-08-12,693.405383325274,1.946,37.2823015319088,0.15994714050963,1.2122,NA,NA,1487
9,2015-08-26,543.01175161115,2.045,14.7914484093384,0.0760660696389079,2.57133,NA,NA,1571
9,2015-09-09,447.244447644354,2.248,10.8919732071651,0.0604925037092445,3.23299,NA,NA,1865
9,2015-10-14,447.325936482501,6.337,5.10655884444503,0.0224912403273103,2.82808,NA,NA,355
9,2015-11-05,324.141780309193,1.966,5.93208990899001,0.0449832416604814,1.23592,NA,NA,382
9,2015-12-09,391.774901157854,2.671,2.95011510007856,0.0108593900023645,1.80238,NA,NA,405
9,2016-01-20,221.161671580418,3.656,1.90956428546558,0.0258685489789565,1.09,NA,NA,207
9,2016-02-17,402.734854134147,3.653,1.27579783386545,0.008205,0.74,NA,NA,995
9,2016-03-16,267.096705756048,7.409,2.04453465374796,0.0128888707556553,1.17,NA,NA,1319
9,2016-04-06,248.289752017073,3.127,3.46422571757389,0.03485789139976,1.41,NA,NA,687
9,2016-04-20,374.417592533989,4.51,2.97802315529448,0.0181290707293152,2.71,NA,NA,2390
9,2016-05-03,NA,NA,NA,NA,1.295111111111111,32.33,NA,2710
9,2016-05-11,575.763419192981,2.623,18.2637580978794,0.025061,1.36,NA,NA,2193
9,2016-05-31,NA,NA,NA,NA,1.5125625,49.915848214375,NA,1178
9,2016-06-14,NA,NA,NA,NA,0.904,117.42133333333332,NA,1362
9,2016-06-15,479.454561182644,2.561,8.48918357391061,0.0536953846036411,2.18,NA,NA,1522
9,2016-06-27,NA,NA,NA,NA,1.81,52.5326923075,NA,1246
9,2016-06-29,461.485041471588,4.273,8.72244645611877,0.0428885237022741,2.71,NA,NA,1523
9,2016-07-14,522.289736630883,2.926,11.1362912837571,0.0453479856743535,1.5284,21.132916666666667,NA,2271
9,2016-07-27,520.588073701589,2.125,12.7048330103235,0.0337503070298866,4.67,NA,NA,814
9,2016-08-08,NA,NA,NA,NA,2.004166666666667,15.624122806666666,NA,2264
9,2016-08-23,NA,NA,NA,NA,2.7777777777777777,75.51313725444444,NA,2198
9,2016-08-24,536.683603016163,3.866,4.84273649700522,0.0170074797519292,4.77,NA,NA,2222
9,2016-09-06,NA,NA,NA,NA,1.6856666666666666,29.349953703333334,NA,1095
9,2016-09-07,562.237365779388,3.455,9.34472630225461,0.0376177090911636,4.09,NA,NA,1905
9,2016-09-21,528.906564943096,2.631,5.32742873180332,0.0199959741399421,1.7919333333333334,72.18360902285714,NA,1586
9,2016-10-04,NA,NA,NA,NA,1.12875,41.5875,NA,609
9,2016-11-02,NA,NA,NA,NA,1.0557142857142858,47.675714285714285,NA,565
9,2016-11-15,NA,NA,NA,NA,1.6559375,110.25169643125,NA,87
9,2016-11-23,295.003796470576,4.128,3.30133734835163,0.0239662652602192,2.1,NA,NA,137
9,2016-12-01,NA,NA,NA,NA,0.935,39.655,NA,156
9,2016-12-14,252.745938247327,6.553,3.16948428840714,0.0356453614754057,1.29,NA,NA,293
9,2017-01-12,NA,NA,NA,NA,6.385714285714285,98.61285714285714,NA,250
9,2017-01-25,298.659737612388,3.184,1.50933507380626,0.0159186025217127,1.07,NA,NA,144
9,2017-02-06,NA,NA,NA,NA,6.63875,111.06583333333333,NA,218
9,2017-02-20,NA,NA,NA,NA,1.22,43.143,NA,257
9,2017-02-22,254.654242249838,2.973,2.87336616255447,0.0237608602421116,1.32,NA,NA,221
9,2017-03-07,NA,NA,NA,NA,1.2,103.225,NA,1014
9,2017-03-15,253.171174741043,5.389,2.75908208407504,0.022496362063735,2.43,NA,NA,1451
9,2017-03-20,NA,NA,NA,NA,4.9381818181818184,40.79489899,NA,326
9,2017-04-18,NA,NA,NA,NA,1.4842857142857142,28.395714285714284,NA,1796
9,2017-04-20,406.04291018052197,2.372,2.73381833333271,0.0132891054322079,6.33,NA,NA,2341
9,2017-05-01,NA,NA,NA,NA,1.58375,57.198750000000004,NA,1174
9,2017-05-04,342.622869965212,2.35,3.36367606151465,0.0176950009076542,5.17,NA,NA,1694
9,2017-05-16,NA,NA,NA,NA,15.65,26.612166667,NA,1842
9,2017-05-17,337.855750051556,2.525,6.94974839516072,0.0458330662206265,4.41,NA,NA,2345
9,2017-05-30,NA,NA,NA,NA,16.055555555555554,34.11380952333333,NA,1421
9,2017-06-08,407.039613609457,2.785,8.95494289180767,0.0353217614117706,4.01,NA,NA,1979
9,2017-06-13,NA,NA,NA,NA,16.80818181818182,28.902242424545456,NA,2749
9,2017-06-21,655.799454364898,2.176,6.62738519715507,0.0300993672654792,9.3,NA,NA,2761
9,2017-06-27,NA,NA,NA,NA,1.7718518518518518,60.79333333333334,NA,1627
9,2017-07-05,644.566158998038,2.703,7.16500025787656,0.0290035059801507,4.5,NA,NA,2707
9,2017-07-11,NA,NA,NA,NA,1.27,29.795,NA,1335
9,2017-07-26,1096.03127845578,5.044,3.45137327247426,0.00441317951410326,5.5,NA,NA,1924
9,2017-08-08,NA,NA,NA,NA,1.05,19.6875,NA,546
9,2017-08-09,609.862780391751,4.043,5.61619076298864,0.0245431724834045,4.63,NA,NA,1656
9,2017-08-22,NA,NA,NA,NA,9.340769230769231,38.19825910923077,NA,2039
9,2017-08-23,596.769090664397,3.679,5.53521517805934,0.0246423480495388,4.37,NA,NA,1606
9,2017-09-06,602.726590242883,2.949,9.45089970694914,0.0402624861452116,1.044,25.56,NA,1216
9,2017-09-20,489.817581045646,3.527,8.75263991721506,0.0491650489830252,2.26,NA,NA,1308
9,2017-09-21,NA,NA,NA,NA,1.6072727272727272,69.49272727272728,NA,1355
9,2017-10-03,NA,NA,NA,NA,0.9777777777777779,14.066666666666666,NA,1165
9,2017-10-11,636.826638026772,3.74,7.93963049095296,0.0312391770244731,3.01,NA,NA,316
9,2017-10-19,NA,NA,NA,NA,1.1,38.55,NA,661
9,2017-11-08,481.661205696379,6.492,6.31841996706482,0.033340332027708,2.03,NA,NA,211
9,2017-11-28,NA,NA,NA,NA,1.3599999999999999,10.04958333375,NA,255
9,2017-12-11,NA,NA,NA,NA,1.6600384615384616,82.5025,NA,38
9,2017-12-13,260.74500983546,2.618,2.86320648945975,0.0295612877161767,1.19,NA,NA,77
9,2018-01-08,NA,NA,NA,NA,2.6416129032258064,51.65967741935484,NA,108
9,2018-01-22,NA,NA,NA,NA,1.5155555555555555,55.86222222222222,NA,343
9,2018-02-05,NA,NA,NA,NA,5.223636363636364,119.92334928181819,NA,746
9,2018-02-20,NA,NA,NA,NA,1.6755555555555555,96.89111111111112,NA,476
9,2018-03-08,NA,NA,NA,NA,1.809090909090909,131.10545454545453,NA,803
9,2018-04-04,NA,NA,NA,NA,1.6142857142857143,75.45714285714286,NA,1215
9,2018-04-19,NA,NA,NA,NA,1.281111111111111,63.42777777777778,NA,2245
9,2018-05-01,NA,NA,NA,NA,2.8000000000000003,237.29166666666666,NA,2325
9,2018-05-17,NA,NA,NA,NA,2.671111111111111,33.89222222222222,NA,2539
9,2018-05-30,NA,NA,NA,NA,2.9074999999999998,62.48375,NA,2032
9,2018-06-14,NA,NA,NA,NA,2.077142857142857,27.638571428571428,NA,979
9,2018-06-28,NA,NA,NA,NA,1.3833333333333333,39.05,NA,2913
9,2018-07-09,NA,NA,NA,NA,2.747777777777778,24.34777777777778,NA,2273
9,2018-07-26,NA,NA,NA,NA,1.2,34.22,NA,2511
9,2018-08-06,NA,NA,NA,NA,1.18,37.58,NA,2555
9,2018-08-20,NA,NA,NA,NA,1.8844444444444444,24.767777777777777,NA,1040
9,2018-09-17,NA,NA,NA,NA,1.9,30.583333333333336,NA,1654
9,2018-10-15,NA,NA,NA,NA,2.29,52.62,NA,998
9,2018-10-29,NA,NA,NA,NA,2,42,NA,206
9,2018-11-13,NA,NA,NA,NA,1.8384615384615386,48.89230769230769,NA,580
9,2020-04-28,1999,5.5,8.21,0.01,1.6,39.24,5,490
9,2021-03-30,389,13,2.99,0.01,2.1,102.47,5,1901
9,2022-03-31,728,7.8,3.9,0.01,1.9,59.3,5,1153
9,2022-04-28,924.5,15.25,9.18,0.025,2.8499999999999996,121.565,5,2240
9,2022-05-24,913,21.2,7.595,0.025,2.55,172.07,5,1938
9,2023-01-31,1220.6666666666667,4.033333333333333,6.633333333333334,0.02,2.466666666666667,27.07,5,384
9,2023-03-28,843.7142857142857,5.714285714285714,4.8028571428571425,0.012857142857142857,2.1,41.39142857142857,5,701
9,2023-04-13,808.3333333333334,4.433333333333334,4.788888888888889,0.01,1.988888888888889,30.41777777777778,5,2027
9,2023-05-10,1159.75,8.1625,8.24125,0.02,2.725,62.1525,5,1605
9,2023-06-06,979,2.7111111111111112,8.595555555555556,0.022222222222222223,2.966666666666667,16.09777777777778,5,2916
9,2023-07-05,1244.111111111111,3.811111111111111,10.964444444444444,0.025555555555555554,2.8555555555555556,25.32888888888889,5,2536
9,2023-08-02,1198.5,5.1375,10.2425,0.0225,2.7125,36.45625,5,1377
9,2023-08-31,816.6666666666666,3,8.72,0.026666666666666665,2.8,18.573333333333334,5,1367
9,2023-11-21,985,6.466666666666667,4.983333333333333,0.02,2.95,47.69,5,431
9,2024-01-30,420,10.95,3.3049999999999997,0.02,3.1500000000000004,85.445,5,151
9,2024-03-12,436.8,16.12,3.778,0.028,4.74,129.298,5,448
9,2024-03-26,449.5,18.549999999999997,2.42,0.01,2.1,149.865,5,1123
9,2024-04-23,860.5,7.050000000000001,3.0149999999999997,0.01,1.9500000000000002,52.445,5,2022
9,2024-05-22,814,9.1,3.71,0.01,2.1,69.73,5,1111
9,2024-07-04,934.5,2.8666666666666667,7.113333333333333,0.02,2.8166666666666664,17.315,5,2822
9,2024-07-16,845.5,0.8,3.395,0.01,1.75,0,5,1405
9,2024-09-10,700,3.8,4.97,0.01,1.9,25.26,5,489
9,2024-09-25,766.7142857142857,3.5285714285714285,6.52,0.015714285714285715,1.9285714285714286,22.967142857142857,5,848
9,2024-10-21,769.6666666666666,6.716666666666667,4.136666666666667,0.01,1.8,49.835,5,254
