DateTimeStartAms;PBmax_EP;alfaB_EP;Eopt_EP;Ek;KdTurb;Chl_Frrf_Recalc;XScanfish;YScanfish;TURBIDScanfish;CHFLYSIScanfish;SALNTTScanfish;meetpuntnaam;Kd;chla_lims;productionMgC;slopeRecalcChlFrrf;offsetCalcKdFromTurbiditeit;slopeCalcKdFromTurbiditeit;conversionEtoC;Chl
2021-03-29 13:57:14;7.308871803751171;0.035280042212443;476.4050036606953;207.16732025829006;10.608962799999999;4.3033146;  28295; 381900;82.67999999999999;1.6300000000000001;27.979999999999997;VLISSGBISSVH;-999;3.49;131.10580565854892;0.42439;0.81469;0.11846;5;10.14
2021-03-29 14:14:27;6.6419829832680835;0.03504023656279479;485.69819339295304;189.55302916877116;10.608962799999999;4.06650498;  28295; 381900;82.67999999999999;1.6300000000000001;27.979999999999997;VLISSGBISSVH;-999;3.49;115.58069369457617;0.42439;0.81469;0.11846;5;9.582
2021-03-29 14:33:29;8.420600571192582;0.04020967371565401;894.7556852268832;209.41728178993807;11.506889600000001;6.705362;  30752; 382070;90.26;1.78;27.939999999999998;VLISSGBISSVH;-999;3.49;196.49986532904464;0.42439;0.81469;0.11846;5;15.8
2021-03-29 14:52:32;6.9825651518392196;0.03487904394564709;532.3768195701589;200.19370836885125;9.4291012;4.6470705;  36920; 380533;72.72;1.35;26.79;VLISSGBISSVH;-999;3.49;151.62948687371122;0.42439;0.81469;0.11846;5;10.95
2021-03-29 15:12:43;5.593435278498587;0.029025340998461845;433.7801062986042;192.70868441459493;3.746575;2.65965213;  41546; 375782;24.75;0.72;23.4;TERNZBI20;-999;5.4;181.68269932362318;0.42439;0.81469;0.11846;5;6.267
2021-03-29 15:31:46;5.661500373669742;0.031109074905524274;507.32585048601965;181.9887087887781;5.2593092;2.77890572;  46228; 374166;37.52;0.75;22.479999999999997;TERNZBI20;-999;5.4;136.84334038658355;0.42439;0.81469;0.11846;5;6.548
2021-03-29 15:50:49;5.424291715950414;0.0341802252061005;627.5937180710046;158.6967810552133;5.537690199999999;2.75344232;  51678; 375625;39.87;0.5700000000000001;21.759999999999998;TERNZBI20;-999;5.4;125.46755377522531;0.42439;0.81469;0.11846;5;6.488
2021-03-29 16:09:52;5.177077335591674;0.03230158201436399;509.05466370682296;160.27318207787815;5.384876799999999;2.80267156;  55913; 380820;38.58;0.6;21.130000000000003;HANSWGL;-999;4.5;128.34322892731836;0.42439;0.81469;0.11846;5;6.604
2021-03-30 09:27:49;2.769790438283948;0.019253047122760946;434.8664204047814;143.8624452858427;3.6980064;1.69204293;  59392; 384168;24.34;0.36;15.129999999999999;;;;63.549310945943226;0.42439;0.81469;0.11846;5;3.987
2021-03-30 09:46:52;3.121428359457459;0.018215270482043765;471.10686140432324;171.3632725099799;3.5025474;1.8698623399999998;  61656; 381397;22.69;0.33999999999999997;14.29;;;;78.41210050987995;0.42439;0.81469;0.11846;5;4.406
2021-03-30 10:05:55;3.067283500377802;0.016862906698764203;434.64952965680135;181.89530163281918;4.096032;1.88980867;  63987; 379120;27.7;0.35;13.29;;;;65.93402164883771;0.42439;0.81469;0.11846;5;4.453
2021-03-30 10:24:57;2.674823594437009;0.018362467748275456;446.4212599327302;145.66798052991652;5.147956799999999;1.95176961;  65665; 376647;36.58;0.35;11.07;;;;50.521400984898094;0.42439;0.81469;0.11846;5;4.599
2021-03-30 10:44:00;2.773046619806446;0.01564642548457613;432.5040664514643;177.2319577107275;6.332556799999999;1.9135745100000001;  67657; 376422;46.58;0.39;10.06;;;;39.38426936709593;0.42439;0.81469;0.11846;5;4.509
2021-03-30 11:03:04;2.6277032234606055;0.015514596290118712;405.87310410346055;169.3697453883603;7.0693779999999995;1.9589842399999997;  70241; 377667;52.8;0.4;8.639999999999999;;;;34.934086236141425;0.42439;0.81469;0.11846;5;4.616
2021-03-30 11:22:06;2.457004706073351;0.017333372213906868;472.64545211063734;141.74995354349184;8.9457844;2.03452566;  72816; 377994;68.64;0.5;7.6;;;;27.906855874306437;0.42439;0.81469;0.11846;5;4.794
2021-03-30 11:41:09;2.594910255485061;0.015153635846129243;321.7596443580563;171.24010909552706;13.7836908;2.24417432;  73756; 375615;109.48;0.52;6.930000000000001;;;;20.51818401688571;0.42439;0.81469;0.11846;5;5.288
2021-03-30 12:00:13;2.2138215960152463;0.014736923546329874;288.0493284551354;150.22277811616814;12.9532862;2.07866222;  75782; 373987;102.47;0.52;6.37;SCHAARVODDL;14.42;2;18.028327130990363;0.42439;0.81469;0.11846;5;4.898
2021-03-30 12:20:17;;;;;12.9532862;0.7104288599999999;  75782; 373987;102.47;0.52;6.37;SCHAARVODDL;14.42;2;;0.42439;0.81469;0.11846;5;1.674
2021-04-12 14:24:29;5.954002817613305;0.039591333593152686;547.7093408529212;150.3865183930821;7.2991904;8.2968245;  28500; 381995;54.74;2.72;28.72;VLISSGBISSVH;-999;11.1;340.1966454678127;0.42439;0.81469;0.11846;5;19.55
2021-04-12 14:43:32;6.5960956863636415;0.03834776889045779;514.6077823336497;172.0072869221075;6.7412437999999995;9.1795557;  30863; 381996;50.03;2.57;28.9;VLISSGBISSVH;-999;11.1;435.75195020928896;0.42439;0.81469;0.11846;5;21.63
2021-04-12 15:02:35;6.597393372038487;0.03957966432106491;545.1608636730689;166.68644075708474;3.9396648;8.6066292;  37008; 380368;26.38;1.57;27.72;VLISSGBISSVH;-999;11.1;701.0828028235383;0.42439;0.81469;0.11846;5;20.28
2021-04-12 15:22:48;7.3073554940127945;0.038507942780514184;656.5580104396116;189.7622923058478;3.0796452000000003;5.5340456;  41624; 375648;19.12;0.7;24.23;;;;595.5987968162539;0.42439;0.81469;0.11846;5;13.04
2021-04-12 15:41:52;6.593894539796736;0.03808765397188083;638.915754251564;173.1241977955598;3.7904052000000004;5.1860458000000005;  47712; 373820;25.12;0.72;22.93;;;;423.97680816513946;0.42439;0.81469;0.11846;5;12.22
2021-04-12 16:03:37;6.274654825605554;0.03590138084649846;628.1201728219357;174.77474898343735;4.413504799999999;4.9186800999999996;  54295; 377367;30.38;0.69;22.51;HANSWGL;-999;4.2;328.3663861158832;0.42439;0.81469;0.11846;5;11.59
2021-04-14 09:28:43;3.584031275238705;0.026085515379095713;305.1940938908488;137.39545579808092;1.7872466;3.3187298;  59504; 384529;8.209999999999999;0.4;16.87;;;;365.5305092297698;0.42439;0.81469;0.11846;5;7.82
2021-04-14 09:47:46;3.2703817589053608;0.028974847798721497;335.2203442418039;112.86967861310612;4.0296943999999995;3.437559;  61186; 381657;27.14;0.42000000000000004;15.219999999999999;;;;161.66930736281046;0.42439;0.81469;0.11846;5;8.1
2021-04-14 10:08:01;3.2902743824614404;0.028961065085374094;386.1373366834696;113.6102685713411;4.5983024;3.4023346299999995;  63569; 379529;31.939999999999998;0.37;14.56;;;;139.2045388427918;0.42439;0.81469;0.11846;5;8.017
2021-04-14 10:27:04;3.4136784549848342;0.029746517313928477;396.2850457986734;114.75892854813014;4.4111356;3.2550713;  65361; 376984;30.36;0.38;12.99;;;;143.25496159971726;0.42439;0.81469;0.11846;5;7.67
2021-04-14 10:46:07;3.057632256759522;0.028929708657982244;367.71300182947084;105.69177494692345;5.345784999999999;3.13709088;  67310; 376322;38.25;0.44;11.61;;;;105.29219631366053;0.42439;0.81469;0.11846;5;7.392
2021-04-14 11:05:10;3.0491538066875625;0.025149882583120026;344.2293053280644;121.2392859732108;6.6393682;2.91046662;  70121; 377560;49.17;0.36;10.11;;;;75.66940727553987;0.42439;0.81469;0.11846;5;6.858
2021-04-14 11:24:12;3.0505320030503014;0.023943174130515988;347.3830877437799;127.40716775568808;8.498005599999999;2.8731202999999996;  72814; 377962;64.86;0.44;8.729999999999999;;;;57.479039166643815;0.42439;0.81469;0.11846;5;6.77
2021-04-14 11:43:15;2.9664498321780215;0.024191928337357803;374.1220167081891;122.62147071579874;13.276682000000001;2.7729642599999997;  73754; 375645;105.2;0.58;8.06;;;;34.71699676752669;0.42439;0.81469;0.11846;5;6.534
2021-04-26 13:41:58;1.712163301189764;0.035478416363831734;145.04824318234787;48.25929330191916;7.1369001999999995;4.5876559;  29203; 381988;53.37;11.78;28.57;VLISSGBISSVH;-999;50;88.89917788841609;0.42439;0.81469;0.11846;5;10.81
2021-04-26 14:05:20;1.8842832939591354;0.037014967732733266;173.05118548799524;50.90598234650942;4.749931200000001;4.6088754;  36094; 381170;33.220000000000006;10.34;28.419999999999998;;;;147.80033422094886;0.42439;0.81469;0.11846;5;10.86
2021-04-26 14:24:23;2.115703294807827;0.0391176927257282;167.93166812275751;54.085584997100355;2.3037322;4.8210704;  39730; 377591;12.57;8.66;26.919999999999998;;;;350.79145784290114;0.42439;0.81469;0.11846;5;11.36
2021-04-26 14:43:26;2.454783379424899;0.03397260767397812;187.92237253190459;72.25772607691758;4.0285098;4.5876559;  44355; 375040;27.130000000000003;6.9;25.310000000000002;;;;205.1238692505596;0.42439;0.81469;0.11846;5;10.81
2021-04-26 15:05:56;7.504104843655145;0.04146340678485454;731.0605387092013;180.98138637262656;6.115774999999999;16.7464294;  46275; 374377;44.75;7.17;24.47;TERNZBI20;-999;27.7;1088.1477677443763;0.42439;0.81469;0.11846;5;39.46
2021-04-26 15:24:59;8.503168986052492;0.04182120978771768;705.9695067516304;203.3219275390201;2.5145910000000002;17.7692093;  46663; 374003;14.350000000000001;6.1;23.91;TERNZBI20;-999;27.7;3074.858434870952;0.42439;0.81469;0.11846;5;41.87
2021-04-26 15:44:02;8.21219523897219;0.04079849338707147;637.987797816541;201.28672794506997;2.561975;14.3231625;  51344; 375285;14.75;5.7700000000000005;23.5;TERNZBI20;-999;27.7;2389.5772022428932;0.42439;0.81469;0.11846;5;33.75
2021-04-26 16:03:05;11.842737126141694;0.04122388562136035;1999.998824427267;287.27852669970844;2.2930708;12.837797499999999;  55235; 378507;12.48;4.659999999999999;22.7;;;;2565.4558021139137;0.42439;0.81469;0.11846;5;30.25
2021-04-29 09:03:30;5.645772494147003;0.036700061397929015;487.96639817194654;153.83550542140495;2.9422316;12.693504899999999;  59374; 384221;17.959999999999997;2.4099999999999997;19.07;;;;939.0183522650514;0.42439;0.81469;0.11846;5;29.91
2021-04-29 09:22:33;6.183007738324931;0.03902513965744421;477.2225661588316;158.43653072348445;4.125647;13.0499925;  61109; 382168;27.95;2.08;17.439999999999998;;;;748.303654465542;0.42439;0.81469;0.11846;5;30.75
2021-04-29 09:42:47;6.573820245304324;0.03701007850036917;500.371598322904;177.62243452790165;3.337888;12.1078467;  63306; 379670;21.3;1.6800000000000002;16.36;;;;866.6004321259801;0.42439;0.81469;0.11846;5;28.53
2021-04-29 10:01:50;6.916222887078433;0.04078228836706949;575.8882526806556;169.58888684292373;3.1554596;11.0680912;  65282; 377296;19.759999999999998;1.1700000000000002;15.15;;;;876.4557802351403;0.42439;0.81469;0.11846;5;26.08
2021-04-29 10:20:53;7.36023026425824;0.039951771338570655;580.7542816099458;184.2278832115874;3.4812246000000004;10.3466282;  67086; 376296;22.51;0.92;13.850000000000001;;;;763.4392058634112;0.42439;0.81469;0.11846;5;24.38
2021-04-29 10:39:56;7.26655162123061;0.040222596076515044;566.3727309175239;180.65844401011614;4.6918858000000006;10.1598966;  70020; 377547;32.730000000000004;0.52;12.27;;;;555.9086058450488;0.42439;0.81469;0.11846;5;23.94
2021-04-29 10:58:58;7.8168539399194135;0.04077416996158063;634.5290726467866;191.7109274642458;5.9783614;9.4936043;  72659; 378241;43.59;0.42000000000000004;10.629999999999999;;;;419.5936105888233;0.42439;0.81469;0.11846;5;22.37
2021-04-29 11:18:01;8.090402339333243;0.041604558902112156;696.5473614429825;194.45951484231492;7.088331599999999;9.33658;  73616; 375885;52.96;0.41000000000000003;9.950000000000001;;;;352.2569296203104;0.42439;0.81469;0.11846;5;22
2021-05-10 13:12:18;8.315572018643852;0.0396987732337377;632.4314048733974;209.4667250719205;1.3631598;8.784873;  29867; 382124;4.63;7.319999999999999;28.87;VLISSGBISSVH;-999;51;2218.4124750314368;0.42439;0.81469;0.11846;5;20.7
2021-05-10 13:31:21;8.07501322886492;0.04029664553143839;633.5116434142898;200.38921658044725;0.81469;14.310430799999999;  28393; 381843;0;0;0;VLISSGBISSVH;-999;51;5962.153811251124;0.42439;0.81469;0.11846;5;33.72
2021-05-10 13:50:24;8.713098695176626;0.04427045316369943;595.4624333391819;196.8152135908365;2.0715506;15.1676986;  33483; 381788;10.61;7.73;28.810000000000002;VLISSGBISSVH;-999;51;2726.7066734489613;0.42439;0.81469;0.11846;5;35.74
2021-05-10 14:09:27;10.764172491507352;0.042569902566787846;804.614300786538;252.85875330861896;2.4766838;13.2070168;  37712; 379442;14.03;6.04;27.75;;;;2122.1202963942187;0.42439;0.81469;0.11846;5;31.12
2021-05-10 14:28:29;10.313823547674122;0.04177392719891497;718.0297229126846;246.8961919372046;1.2020542;13.703553099999999;  40755; 376129;3.27;5.54;26.71;;;;4479.29445866282;0.42439;0.81469;0.11846;5;32.29
2021-05-10 14:54:56;11.11645727953773;0.04078585817098442;891.3100181043832;272.5566600299248;1.5420344;17.752233699999998;  47270; 373858;6.14;11.59;24.59;;;;4504.22316031797;0.42439;0.81469;0.11846;5;41.83
2021-05-10 15:13:59;13.023570513315207;0.0447827182507806;1500.2387238610802;290.8168825390182;1.4567432;19.182428;  52077; 375801;5.42;11.870000000000001;23.77;;;;5376.7536397323765;0.42439;0.81469;0.11846;5;45.2
2021-05-10 15:33:02;12.051463964325476;0.04187098057170398;859.9655279109821;287.82378152542583;1.4460818;20.4004273;  55451; 379436;5.33;10.77;23.259999999999998;HANSWGL;-999;72;5891.266512862503;0.42439;0.81469;0.11846;5;48.07
2021-05-11 07:42:17;;;;;1.1973158;14.85365;  59405; 384663;3.23;6.67;19.17;;;;;0.42439;0.81469;0.11846;5;35
2021-05-11 07:51:59;11.894900725315498;0.0383970554864498;1023.7484958875582;309.7867941856419;1.6083720000000001;14.722089099999998;  60252; 383174;6.7;7.39;17.310000000000002;;;;3380.210782589858;0.42439;0.81469;0.11846;5;34.69
2021-05-11 08:18:33;12.315975910551765;0.0395444976848296;1096.3477296528397;311.4460071970146;2.1426266;14.2934552;  64317; 378814;11.209999999999999;6.53;16.05;;;;2512.0765742550075;0.42439;0.81469;0.11846;5;33.68
2021-05-11 08:37:35;13.170119269116054;0.04039212641498363;1704.3549015522947;326.05659662004183;1.9590136;9.374775099999999;  66814; 376280;9.66;3.92;13.75;;;;1756.2650786120198;0.42439;0.81469;0.11846;5;22.09
2021-05-11 08:56:39;11.544256246199897;0.037501885842262;1167.8117480132566;307.83135266201276;2.7005732;9.1201411;  70176; 377573;15.92;3.63;12.9;;;;1185.7559984709683;0.42439;0.81469;0.11846;5;21.49
2021-05-11 09:16:53;11.347969007378625;0.036324168753991484;1253.6216393140098;312.4082228621309;3.2324586;6.998191099999999;  72882; 377905;20.41;1.23;10.97;;;;732.8691835748004;0.42439;0.81469;0.11846;5;16.49
2021-05-11 09:35:55;13.094782003220777;0.03622141738682171;1630.647174834269;361.52041935236355;3.3165652000000003;5.4534115;  73793; 375507;21.12;1.36;10.5;;;;570.2695114767439;0.42439;0.81469;0.11846;5;12.85
2021-05-25 12:59:26;7.01896762131869;0.041391292800005905;799.3077780762545;169.5759457244517;7.2837906;13.4064801;  28594; 381868;54.61;1.6600000000000001;29.18;VLISSGBISSVH;-999;14.9;552.1905624691005;0.42439;0.81469;0.11846;5;31.59
2021-05-25 13:18:29;7.022747674555367;0.040430720903448195;690.7212101159934;173.69830459680034;3.6411455999999998;11.3609203;  33655; 381790;23.86;0.92;29.259999999999998;VLISSGBISSVH;-999;14.9;949.127282570711;0.42439;0.81469;0.11846;5;26.77
2021-05-25 13:37:32;8.413997501509765;0.043056789667186915;871.2302287674698;195.4162761912084;3.8579274000000003;12.515261099999998;  37946; 379022;25.69;1.22;27.24;;;;1081.276466012285;0.42439;0.81469;0.11846;5;29.49
2021-05-25 13:57:45;8.237872825145711;0.040595830957549144;913.87097063489;202.92410897463864;1.626141;10.800725499999999;  42129; 375393;6.85;0.7799999999999999;25.37;;;;2114.4015115715474;0.42439;0.81469;0.11846;5;25.45
2021-05-25 14:16:48;8.556186203217937;0.04146776928395873;752.5739991769108;206.33340907797;6.26385;11.6495055;  46114; 374414;46;1.4;25.08;TERNZBI20;-999;13;630.9609162895574;0.42439;0.81469;0.11846;5;27.45
2021-05-25 14:35:51;8.660194016841325;0.042306001402933814;736.1032735170354;204.70367630254847;4.8292994;11.7683347;  46303; 374414;33.89;1.24;25.23;TERNZBI20;-999;13;843.0867140403446;0.42439;0.81469;0.11846;5;27.73
2021-05-25 14:54:54;8.482325645247624;0.042641103122521874;884.3523562126778;198.92369155823948;1.8263384;10.741310899999998;  48088; 373963;8.54;0.89;24.21;TERNZBI20;-999;13;1955.6940508524362;0.42439;0.81469;0.11846;5;25.31
2021-05-25 15:13:57;8.091151882909514;0.03934627873826957;690.5396498420965;205.6395710692655;2.3558546;10.626725599999999;  52938; 376306;13.01;0.88;23.52;;;;1472.695970816621;0.42439;0.81469;0.11846;5;25.04
2021-05-25 15:33:00;8.699593221944328;0.04231722815772415;970.3221089006598;205.5804125336218;2.698204;10.529115899999999;  55715; 380197;15.9;1.01;22.36;;;;1291.8067359351767;0.42439;0.81469;0.11846;5;24.81
2021-05-26 07:42:29;8.761532618134323;0.03802531479790163;950.8255086482794;230.413151467659;1.8595072;11.0977985;  59391; 384421;8.82;0.81;18.279999999999998;;;;2226.153120357006;0.42439;0.81469;0.11846;5;26.15
2021-05-26 08:01:31;8.444614662428876;0.039254594882550835;717.2550857047704;215.12423418697958;2.0715506;10.8261889;  61668; 381376;10.61;0.8200000000000001;16.19;;;;2020.775963019906;0.42439;0.81469;0.11846;5;25.51
2021-05-26 08:20:34;8.686054270294889;0.03957164440145539;772.122923370234;219.501979300497;2.6946502;10.5418476;  64601; 378393;15.870000000000001;0.8700000000000001;15.06;;;;1525.576640375386;0.42439;0.81469;0.11846;5;24.84
2021-05-26 08:39:37;8.864962529108753;0.03848396395664004;781.2889758677846;230.35471447527922;2.3582237999999998;10.355115999999999;  67624; 376430;13.03;0.75;12.91;;;;1712.3967110619792;0.42439;0.81469;0.11846;5;24.4
2021-05-26 08:58:40;9.043705100685518;0.03906247018089741;820.102587405105;231.51902731200371;3.5049166;10.227799000000001;  71365; 378308;22.71;0.76;10.26;;;;1149.1704818300673;0.42439;0.81469;0.11846;5;24.1
2021-05-26 09:17:42;9.88400166112771;0.0392902720163761;969.7464335678679;251.56358441621578;4.0818167999999995;10.0792625;  73424; 376594;27.58;0.8;9.450000000000001;;;;999.199165563431;0.42439;0.81469;0.11846;5;23.75
2021-06-08 13:24:13;7.816668313862147;0.04254187647235499;637.3740168374371;183.74056252412038;1.282607;6.853898499999999;  32294; 382111;3.9499999999999997;1.09;28.75;VLISSGBISSVH;-999;3.03;2516.061031259612;0.42439;0.81469;0.11846;5;16.15
2021-06-08 13:46:03;8.31116080165013;0.03926250882396613;670.708322402378;211.6818575938004;2.206595;10.100482;  37865; 379411;11.75;2.17;27.419999999999998;;;;2173.6630970116357;0.42439;0.81469;0.11846;5;23.8
2021-06-08 14:05:05;8.96109453869606;0.036868227708266414;783.9547407497673;243.0573720441367;1.300376;6.7690205;  41471; 375644;4.1;1.47;25.38;;;;2486.0579781174365;0.42439;0.81469;0.11846;5;15.95
2021-06-08 14:24:09;8.617392975955863;0.039639032816471007;691.2506616766889;217.3966508177546;2.1106424;6.5865328;  46500; 374004;10.94;1.78;24.39;;;;1516.6351988982456;0.42439;0.81469;0.11846;5;15.52
2021-06-08 14:43:12;8.692451809047409;0.04047075478357194;819.5909718464279;214.78353580338674;1.969675;6.8199473;  51676; 375582;9.75;1.6;23.4;;;;1663.4314789301272;0.42439;0.81469;0.11846;5;16.07
2021-06-08 15:02:14;9.108968958764876;0.04064554709214842;840.7743105114204;224.10742653097353;1.8109386;6.79024;  55443; 379620;8.41;1.5;22.84;HANSWGL;-999;12.8;1852.899548904034;0.42439;0.81469;0.11846;5;16
2021-06-10 06:15:57;6.533239686967863;0.03660216094053015;642.2706673179767;178.49327796746294;1.4472664;4.8889727999999995;  59879; 383781;5.34;0.8600000000000001;19.2;;;;1315.1318352053934;0.42439;0.81469;0.11846;5;11.52
2021-06-10 06:35:00;6.898800049393728;0.036139455276886556;649.8580312265249;190.8938581541361;1.8144923999999998;5.6486309;  61985; 381243;8.44;0.99;17.04;;;;1249.6626374715172;0.42439;0.81469;0.11846;5;13.31
2021-06-10 06:54:03;6.96507674377451;0.0351379316122028;670.126320289259;198.22102281500426;1.732755;5.1902897;  64323; 378784;7.75;0.9400000000000001;16.24;;;;1193.6913311001124;0.42439;0.81469;0.11846;5;12.23
2021-06-10 07:13:06;6.552955795094557;0.034784919500349044;703.0043841702802;188.38496363427842;1.4768814;4.4051682;  66268; 376289;5.59;0.69;14.62;;;;1130.100742554526;0.42439;0.81469;0.11846;5;10.38
2021-06-10 07:32:09;6.455191562706969;0.03494393975218687;685.2917137132339;184.7299305254494;1.7896158;4.2337146400000005;  69521; 377256;8.229999999999999;0.77;14.19;;;;891.9141439472093;0.42439;0.81469;0.11846;5;9.976
2021-06-10 07:51:12;5.938919905820965;0.030269058469663185;649.6260340717472;196.20431576268484;2.0786582;3.7660368600000003;  72808; 378029;10.67;0.42000000000000004;11.02;;;;620.4304086367877;0.42439;0.81469;0.11846;5;8.874
2021-06-21 10:52:53;6.067304687945371;0.04356353495575501;546.352688608986;139.2748475096795;1.211531;10.372091600000001;  28638; 381959;3.3499999999999996;1.05;29.610000000000003;VLISSGBISSVH;-999;;1354.2511061902692;0.42439;0.81469;0.11846;5;24.44
2021-06-21 11:11:55;6.7626006038173205;0.04355977730156859;515.9666511379681;155.24874144785397;2.8723402;9.4978482;  34601; 382433;17.37;1.8900000000000001;29.419999999999998;VLISSGBISSVH;-999;;553.0851902337683;0.42439;0.81469;0.11846;5;22.38
2021-06-21 11:30:58;7.453072182893346;0.04043714664408897;643.656940348547;184.31251464135696;1.5408498;9.400238499999999;  38318; 378652;6.13;1.6500000000000001;26.979999999999997;;;;975.1231729535451;0.42439;0.81469;0.11846;5;22.15
2021-06-21 11:50:02;7.4858147726327555;0.04224741505669859;709.2362760532706;177.18988872067888;1.1617777999999999;7.7111663;  42374; 375289;2.9299999999999997;1.08;25.66;;;;1075.6109406542914;0.42439;0.81469;0.11846;5;18.17
2021-06-21 12:09:05;8.129455017132408;0.0404920839827948;718.5358996437005;200.76652563959502;2.2824094;7.6390199999999995;  45719; 374227;12.39;0.9400000000000001;24.419999999999998;TERNZBI20;-999;;542.770935399974;0.42439;0.81469;0.11846;5;18
2021-06-21 12:28:07;7.348167150969166;0.03930219319238407;576.2700167193615;186.96582948946178;1.9128142000000001;6.976971600000001;  46164; 374164;9.27;1.06;24.939999999999998;TERNZBI20;-999;;581.0577792658501;0.42439;0.81469;0.11846;5;16.44
2021-06-21 12:47:00;10.899375676334383;0.03866876377182157;1999.9970978944327;281.86511833297607;1.3074835999999999;6.2852159;  48819; 374054;4.159999999999999;0.8300000000000001;24.419999999999998;TERNZBI20;-999;;738.6333229711963;0.42439;0.81469;0.11846;5;14.81
2021-06-21 13:02:42;7.412246458162303;0.038463270487363706;718.4383796443282;192.70972967827683;1.6356178000000001;6.1366794;  52233; 375827;6.930000000000001;1.29;22.95;;;;569.6233002006115;0.42439;0.81469;0.11846;5;14.46
2021-06-21 13:21:45;8.3306540243276;0.04244546106158308;1038.8195824723184;196.2672525159017;1.3406524000000002;6.0942403999999994;  55401; 378612;4.44;0.96;23.56;;;;730.5686694847722;0.42439;0.81469;0.11846;5;14.36
2021-06-21 13:40:48;8.351911006559343;0.040379819618648505;798.1682053771212;206.83378691226747;1.3145912;6.310679299999999;  56716; 382429;4.22;0.92;23.38;;;;771.9826771206219;0.42439;0.81469;0.11846;5;14.87
2021-07-05 11:16:09;6.986976044560899;0.04607107644263002;740.874208885267;151.65645311677116;1.2541766;8.402922;  31820; 382356;3.71;2.07;29.150000000000002;VLISSGBISSVH;-999;16.6;2045.873100451503;0.42439;0.81469;0.11846;5;19.8
2021-07-05 11:35:12;7.336000242016951;0.04089968159628028;597.0197830078732;179.36570544559302;2.3712543999999998;7.6390199999999995;  36471; 381248;13.139999999999999;2.3299999999999996;29;;;;996.3048404690228;0.42439;0.81469;0.11846;5;18
2021-07-05 11:55:30;8.250209422383586;0.04024865287526613;848.4934218255356;204.98100763649555;1.1677008;5.5255578;  39532; 377326;2.98;1.24;26.73;;;;1466.1234804619594;0.42439;0.81469;0.11846;5;13.02
2021-07-05 12:14:32;8.18854122454199;0.03671344925911953;771.0030466903066;223.03927824237263;1.543219;4.22310489;  43560; 374834;6.1499999999999995;0.6599999999999999;24.939999999999998;;;;823.2906108826579;0.42439;0.81469;0.11846;5;9.951
2021-07-05 12:33:36;8.774233251459421;0.035525959277775174;967.9604910499763;246.9808959373696;1.3513138;3.8678904600000004;  48079; 373937;4.53;0.53;24.130000000000003;;;;846.0942764184422;0.42439;0.81469;0.11846;5;9.114
2021-07-05 12:52:39;9.982942883812191;0.03817355196173851;1385.3686102283236;261.51464484672874;1.5538804000000002;3.65696863;  52241; 375811;6.24;0.8200000000000001;23.74;;;;728.772692105835;0.42439;0.81469;0.11846;5;8.617
2021-07-05 13:11:42;8.563242586673043;0.030716391406752325;740.3330453810221;278.78413428442644;1.478066;3.3531053899999996;  55338; 378827;5.6;0.69;23.110000000000003;;;;650.3171407417334;0.42439;0.81469;0.11846;5;7.901
2021-07-06 15:00:32;7.349229643857574;0.03158146729883829;707.2374420347443;232.70703588011924;1.6687866;3.8708611900000003;  60146; 383560;7.21;0.77;19.759999999999998;;;;742.5011057577625;0.42439;0.81469;0.11846;5;9.121
2021-07-06 15:19:35;7.527537845618324;0.03155783824127388;655.6895421957352;238.53147950334585;1.7197244;3.7235978599999995;  61876; 381076;7.64;0.7799999999999999;19.35;;;;714.0069971402651;0.42439;0.81469;0.11846;5;8.774
2021-07-06 15:38:38;7.0844814163933565;0.031697082657444794;783.4959988418559;223.5057873608252;1.7410472;3.31575907;  64157; 379100;7.819999999999999;0.7;16.52;;;;585.502554823219;0.42439;0.81469;0.11846;5;7.813
2021-07-06 15:57:41;6.825050342222468;0.030892274439820726;836.0184466850234;220.93065227417665;1.3809288;3.1778323200000003;  65405; 376344;4.78;0.54;15.1;;;;676.7391919983422;0.42439;0.81469;0.11846;5;7.488
2021-07-06 16:16:44;6.230703828969998;0.0264565885231904;699.7672707099542;235.50669896492903;1.501758;2.71439844;  68495; 376691;5.8;0.55;14.84;;;;489.2737334970795;0.42439;0.81469;0.11846;5;6.396
2021-07-06 16:36:57;5.7493365910263154;0.024684290116966053;833.5044676515674;232.91480386039825;1.8595072;2.4809839399999998;  71923; 378449;8.82;0.38;12.360000000000001;;;;323.57849763863805;0.42439;0.81469;0.11846;5;5.846
2021-07-06 16:56:01;5.168420695525232;0.022016985049278952;1261.9872863648052;234.74697757014175;1.7552624;2.11091586;  73498; 376493;7.94;0.32;10.61;;;;244.02956831681104;0.42439;0.81469;0.11846;5;4.974
2021-08-02 12:45:35;6.790780954010304;0.0346420954892591;613.2902106544983;196.02685282464535;1.4081746;4.4051682;  61310; 382272;5.01;0.7;17.459999999999997;;;;1017.7126733008408;0.42439;0.81469;0.11846;5;10.38
2021-08-02 13:04:38;7.2789762696456775;0.03159895320758972;784.1320860170265;230.35498112315148;1.6593098;3.70747104;  63357; 379671;7.13;0.65;14.81;;;;700.90995657905;0.42439;0.81469;0.11846;5;8.736
2021-08-02 13:23:41;6.966679806548916;0.032461777312574394;744.986014099424;214.61177986241384;2.0371972;3.96889528;  65516; 376723;10.32;0.72;14.39;;;;607.0928720485133;0.42439;0.81469;0.11846;5;9.352
2021-08-02 13:42:44;6.71664016646348;0.028506585418234733;773.5275380218175;235.61714136997497;1.4567432;3.08022262;  68608; 376755;5.42;0.51;13.450000000000001;;;;608.1467972562414;0.42439;0.81469;0.11846;5;7.258
2021-08-02 14:01:47;6.457500085521152;0.026878490663329997;815.1756356778059;240.24786831989204;1.809754;3.04669581;  72084; 378408;8.4;0.53;11.49;;;;457.3176961545134;0.42439;0.81469;0.11846;5;7.179
2021-08-05 11:59:18;4.023779821260389;0.03167651353103701;425.973267080783;127.02723162124025;1.0421332;3.33910052;  28268; 381941;1.92;0.64;28.67;VLISSGBISSVH;-999;6;744.1296000873423;0.42439;0.81469;0.11846;5;7.868
2021-08-05 12:18:02;6.128134413074955;0.02167980671137565;619.1418724239213;282.66554654564567;1.0741174;3.36668587;  30858; 382180;2.19;0.58;28.57;VLISSGBISSVH;-999;6;805.1333779499672;0.42439;0.81469;0.11846;5;7.933
2021-08-05 12:37:05;5.615564856381145;0.0335085753680924;544.6440736458153;167.58590285304723;2.242133;4.6937534;  36377; 381205;12.05;1.01;28.23;VLISSGBISSVH;-999;6;602.7442024012444;0.42439;0.81469;0.11846;5;11.06
2021-08-05 12:56:08;6.119402136718227;0.02766774375091379;721.1540558511729;221.17459926656;1.2186386;3.3607444099999997;  39671; 377112;3.4099999999999997;0.59;25.279999999999998;;;;751.1785544301525;0.42439;0.81469;0.11846;5;7.919
2021-08-05 13:15:11;6.1049089884488215;0.028225844294701243;585.9667218813314;216.28791417923603;1.4283128;3.4744809299999995;  44288; 374648;5.18;0.6599999999999999;24.34;;;;690.7649311586047;0.42439;0.81469;0.11846;5;8.187
2021-08-05 13:34:14;5.830714677715974;0.028742965059769737;561.3645041897248;202.8571048808381;1.3323602;3.03311533;  49312; 374222;4.37;0.53;23.06;;;;635.5401263405519;0.42439;0.81469;0.11846;5;7.147
2021-08-05 13:53:17;6.4012953243070685;0.0329554387667623;778.7323697377859;194.24093757668885;1.3524984;3.0640958;  53970; 377125;4.54;0.6;22.779999999999998;;;;668.5977353246739;0.42439;0.81469;0.11846;5;7.22
2021-08-30 08:48:04;13.46259184157934;0.030915133075411667;1589.1749515855438;435.4693155853437;;3.22196888;;;;;;;;;;0.42439;0.81469;0.11846;5;7.592
2021-08-30 09:06:47;12.560202940603498;0.030745340419227652;1460.829849652796;408.52378829894315;;3.01826168;;;;;;;;;;0.42439;0.81469;0.11846;5;7.112
2021-08-30 09:25:30;12.510249595731452;0.02949308180119168;1521.2526418835055;424.17573314518694;;2.84553495;;;;;;;;;;0.42439;0.81469;0.11846;5;6.705
2021-08-30 09:44:13;12.839019530979451;0.027368612168616323;1261.6377840566875;469.1147454565488;;2.77423743;;;;;;;;;;0.42439;0.81469;0.11846;5;6.537
2021-08-30 10:02:56;11.344378875403535;0.025667331043033752;1204.129963667397;441.9773468610192;;2.64352531;;;;;;;;;;0.42439;0.81469;0.11846;5;6.229
2021-08-30 10:21:04;12.407890162853027;0.02706138896865413;1395.4770287177828;458.50899143519166;;2.55440341;;;;;;;;;;0.42439;0.81469;0.11846;5;6.019
2021-08-30 10:38:57;11.436854556158696;0.025109404625398103;1188.7192201880941;455.48091349765997;;2.5140863600000003;;;;;;;;;;0.42439;0.81469;0.11846;5;5.924
2021-08-30 10:54:57;11.486677773561809;0.024319041958373217;1260.0061679723951;472.3326598647882;;2.44406201;;;;;;;;;;0.42439;0.81469;0.11846;5;5.759
2021-08-30 11:12:49;11.90262169712795;0.026007465710485077;1664.9741245185635;457.6617279679554;;2.45382298;;;;;;;;;;0.42439;0.81469;0.11846;5;5.782
2021-08-30 11:28:47;11.838219915220147;0.02296433350486941;1376.4293234985653;515.5046155687446;;2.3515449900000003;;;;;;;;;;0.42439;0.81469;0.11846;5;5.541
2021-08-30 11:47:02;11.38311178220379;0.023017027652123;1277.1550788679056;494.55177072587196;;2.31377428;;;;;;;;;;0.42439;0.81469;0.11846;5;5.452
2021-08-30 12:02:57;10.991106500352021;0.02215378020854917;1291.610763114281;496.12781190771864;;2.2772767399999996;;;;;;;;;;0.42439;0.81469;0.11846;5;5.366
2021-08-30 12:19:25;9.593496732023672;0.02200087812610314;1152.9536424346277;436.0506283902087;;2.1766963099999996;;;;;;;;;;0.42439;0.81469;0.11846;5;5.129
2021-08-30 12:35:24;10.802889981051145;0.02240842763223911;1424.6438355255245;482.0904955200416;;2.2276231099999997;;;;;;;;;;0.42439;0.81469;0.11846;5;5.249
2021-08-30 12:52:53;11.069983672706218;0.021528610934805504;1281.8851082889737;514.1986961550442;;2.24714505;;;;;;;;;;0.42439;0.81469;0.11846;5;5.295
2021-08-30 13:10:18;8.688241757499268;0.020672055794023453;1226.443838916084;420.2891983298123;;2.10624757;;;;;;;;;;0.42439;0.81469;0.11846;5;4.963
2021-08-30 13:28:38;8.851108517103295;0.02058028680556642;1137.7456379348887;430.07702471421857;;2.16354022;;;;;;SCHAARVODDL;2.453;2.4;;0.42439;0.81469;0.11846;5;5.098
2021-08-30 14:28:01;9.517901744455093;0.021794515308157136;1899.1170948793763;436.7108701377169;;2.23271579;;;;;;;;;;0.42439;0.81469;0.11846;5;5.261
2021-08-30 14:50:15;9.092081688880826;0.02075160315785641;1560.0683646478885;438.1387606402173;;2.1372280399999997;;;;;;;;;;0.42439;0.81469;0.11846;5;5.036
2021-09-01 09:05:42;6.652159007020197;0.03034252810041968;637.7191052057174;219.23548970621826;0.9236732000000001;3.4965492100000004;  28392; 381937;0.92;1.22;29.53;VLISSGBISSVH;0.58;;577.6503706286659;0.42439;0.81469;0.11846;5;8.239
2021-09-01 09:24:25;13.86700686880908;0.0281253447856492;1999.9996483310663;493.043088875648;0.9438114;4.3330219;  31361; 382264;1.09;1.44;29.55;VLISSGBISSVH;0.58;;710.9105960740796;0.42439;0.81469;0.11846;5;10.21
2021-09-01 09:43:09;12.284864097068567;0.03295874042012474;1027.0779896975353;372.73463550103935;1.1594086;3.9536172400000003;  36386; 381112;2.9099999999999997;1.07;28.7;;;;629.7599108778;0.42439;0.81469;0.11846;5;9.316
2021-09-01 10:01:24;5.748445666955509;0.02740316701793974;402.5980378449957;209.77304058294558;1.0255488;3.08913481;  39294; 377443;1.78;0.92;25.72;;;;456.3646218725995;0.42439;0.81469;0.11846;5;7.279
2021-09-01 10:14:56;8.300801551630391;0.029718125475875982;638.034522015908;279.3178041585651;0.9651342;3.35565173;  42208; 375510;1.27;1.27;24.85;;;;577.4415196449845;0.42439;0.81469;0.11846;5;7.907
2021-09-01 10:33:12;9.845175085516455;0.03077892218244189;1057.7190946791018;319.8674413340153;1.0504254;2.77041792;  46260; 374510;1.99;1.01;23.84;;;;430.0529354430702;0.42439;0.81469;0.11846;5;6.528
2021-09-01 10:50:50;9.118651825874224;0.022718829287494552;545.1341820286054;401.3697937724957;1.0137028000000001;2.7254325799999997;  49248; 374212;1.6800000000000002;1.1700000000000002;23.59;;;;416.56631425355545;0.42439;0.81469;0.11846;5;6.422
2021-09-01 11:08:36;10.155365913411032;0.029079962275019893;1234.1685006674675;349.22211443632574;1.1369012;2.32353525;  53035; 376426;2.72;0.8700000000000001;22.75;;;;316.276115272463;0.42439;0.81469;0.11846;5;5.475
2021-09-01 11:24:36;8.353172890524196;0.025259354339702878;613.5776546102685;330.6962156746265;1.0776712000000002;2.31759379;  55439; 379321;2.22;0.8200000000000001;22.49;;;;329.1613500092641;0.42439;0.81469;0.11846;5;5.461
2021-09-01 11:42:06;8.063207153234904;0.023344684771639673;584.9318593519359;345.39798811207356;1.3062989999999999;2.56119365;  57186; 383017;4.1499999999999995;0.9;20.979999999999997;;;;286.45750931364984;0.42439;0.81469;0.11846;5;6.035
2021-09-13 11:53:45;9.937120204434844;0.03039659095061416;976.7395264337598;326.9156143391161;1.9684903999999999;3.8156904899999997;  60829; 382745;9.739999999999998;0.93;18.310000000000002;;;;542.3447188518231;0.42439;0.81469;0.11846;5;8.991
2021-09-13 12:12:28;10.430422188555742;0.03147515649387012;1227.5400882787872;331.3858722382237;1.8287076;3.58779306;  62875; 380036;8.56;0.93;17.51;;;;547.1238061569363;0.42439;0.81469;0.11846;5;8.454
2021-09-13 12:31:11;10.37495155488725;0.03006260070048112;1147.1762573582937;345.1115776128181;2.1509188;3.2525249599999997;  65012; 377735;11.28;0.69;16.62;;;;416.50517816572557;0.42439;0.81469;0.11846;5;7.664
2021-09-13 12:49:24;9.130989491719387;0.02585990698270787;1107.221857681427;353.09444453242395;1.620218;2.63418873;  66931; 376280;6.8;0.46;14.79;;;;392.5575089701174;0.42439;0.81469;0.11846;5;6.207
2021-09-13 13:08:27;;;;;2.0312742;2.6481936;  69575; 377319;10.27;0.54;14.7;;;;;0.42439;0.81469;0.11846;5;6.24
2021-09-13 13:19:40;8.613123984807121;0.027206690360439812;1323.3148332078363;316.58110085051464;2.8474636;2.6142424;  71171; 378266;17.16;0.48000000000000004;12.88;;;;213.4532317148014;0.42439;0.81469;0.11846;5;6.16
2021-09-13 13:38:22;6.949419976346425;0.023052789237010308;956.6469989822904;301.45679574380597;2.5963284;2.3184425699999998;  73099; 377622;15.04;0.38;11.94;;;;182.10849752564008;0.42439;0.81469;0.11846;5;5.463
2021-09-16 09:47:12;9.334573850665874;0.03099723471956161;1999.9995547862554;301.1421481663669;3.4006718000000005;3.02972021;  29700; 382146;21.830000000000002;2.22;29.79;VLISSGBISSVH;-999;;231.47505926270134;0.42439;0.81469;0.11846;5;7.139
2021-09-16 10:05:55;9.143014241690016;0.036468467346301756;829.5472268954123;250.7101314368015;4.221599599999999;4.19976344;  34994; 382269;28.759999999999998;2.61;29.53;VLISSGBISSVH;-999;;316.20848668513383;0.42439;0.81469;0.11846;5;9.896
2021-09-16 10:29:27;13.912514090200995;0.038232135819187274;1495.0826781020746;363.8958115235306;1.3513138;4.9780947;  39016; 377891;4.53;1.94;27.17;;;;1348.173315095717;0.42439;0.81469;0.11846;5;11.73
2021-09-16 10:48:09;12.073174451643604;0.037236101712234515;1022.2576909823096;324.2330398855037;1.8488457999999999;5.6358992;  42931; 375886;8.729999999999999;1.61;25.979999999999997;;;;1099.8604479966707;0.42439;0.81469;0.11846;5;13.28
2021-09-16 11:06:52;11.88411845637055;0.03567376239637205;1017.2273899228519;333.1333074522899;1.2328538;4.4773145;  46090; 374482;3.53;1.26;23.7;TERNZBI20;1.94;;1275.5040139143991;0.42439;0.81469;0.11846;5;10.55
2021-09-16 11:31:10;13.707809840026593;0.035210922614138676;1412.8093932566976;389.3056137791268;1.4046208;4.16284151;  46305; 374334;4.98;1.56;24.9;TERNZBI20;1.94;;1042.9175514512106;0.42439;0.81469;0.11846;5;9.809
2021-09-16 11:49:52;12.941322929981965;0.03509115198441291;1007.401970348589;368.79162404615136;1.5941568;4.19254881;  49999; 374453;6.58;1.3;24.71;TERNZBI20;1.94;;962.5999515212849;0.42439;0.81469;0.11846;5;9.879
2021-09-16 12:12:43;11.992533672728557;0.03483954797248475;993.3881712399876;344.2218504729139;1.4259435999999999;4.202309779999999;  54289; 377367;5.159999999999999;1.26;23.89;;;;1034.5101791103227;0.42439;0.81469;0.11846;5;9.902
2021-09-16 12:30:04;15.43976308235641;0.03576251865979887;1999.9993464273996;431.7303048264455;2.0798427999999998;4.0244903700000005;  55807; 380722;10.68;1.58;22.39;;;;684.4919116839926;0.42439;0.81469;0.11846;5;9.483
2021-09-29 10:21:09;;;;;1.2600996;1.782438;  60201; 383629;3.7600000000000002;0.43000000000000005;21.69;;;;;0.42439;0.81469;0.11846;5;4.2
2021-09-29 10:38:57;3.5182276424753005;0.025591374309382985;323.8452483352294;137.47708895748343;1.2897146;1.86476966;  61909; 381042;4.01;0.41000000000000003;21.17;;;;170.9876633418934;0.42439;0.81469;0.11846;5;4.394
2021-09-29 10:53:42;3.7420099321319;0.020634968821675325;346.9908834195229;181.3431347762071;1.3880363999999998;1.75442826;  63851; 379369;4.84;0.45;19.54;;;;142.58076738179858;0.42439;0.81469;0.11846;5;4.134
2021-09-29 11:08:58;5.88060589597074;0.02044703967969993;844.0477843336399;287.6018234467984;1.4294973999999998;1.78455995;  65334; 377229;5.1899999999999995;0.42000000000000004;18.56;;;;151.14721514082015;0.42439;0.81469;0.11846;5;4.205
2021-09-29 11:31:36;4.365665290952412;0.018880074995686093;679.5501187770644;231.2313532626286;1.2790532;1.5935844499999998;  68748; 376838;3.92;0.29000000000000004;17.62;;;;129.97000193745762;0.42439;0.81469;0.11846;5;3.755
2021-09-29 11:45:32;3.9141239171882276;0.013898543031939709;488.0152200287442;281.6211676427759;2.1935643999999996;1.5507210599999999;  71283; 378305;11.639999999999999;0.32;16.29;;;;65.67107187672141;0.42439;0.81469;0.11846;5;3.654
2021-09-29 12:04:59;2.505708520463112;0.010425521917338957;543.2570811702415;240.34370080751575;1.4259435999999999;1.34361874;  73462; 376543;5.159999999999999;0.21000000000000002;14.27;;;;58.279144180019856;0.42439;0.81469;0.11846;5;3.166
2021-10-11 12:00:15;7.544230379927444;0.026801942504918085;1034.9790090870733;281.4807314262053;3.4575326000000004;2.5743497399999997;  61055; 382608;22.310000000000002;1.56;18.32;;;;50.19474155225074;0.42439;0.81469;0.11846;5;6.066
2021-10-11 12:18:58;7.195288672908151;0.025118963496324163;732.1880200272774;286.44847045385006;3.628115;2.4300571399999997;  63284; 379708;23.75;1.41;18.08;;;;45.771598858259566;0.42439;0.81469;0.11846;5;5.726
2021-10-11 12:37:40;8.02224148266454;0.02645642560139645;1999.9997770098644;303.22469117827853;3.4942552;2.1601451;  65507; 376911;22.62;1.24;16.330000000000002;;;;38.84115019104208;0.42439;0.81469;0.11846;5;5.09
2021-10-11 12:57:05;;;;;3.5286086;1.7616428899999999;  68250; 376551;22.91;1.04;14.5;;;;;0.42439;0.81469;0.11846;5;4.151
2021-10-11 13:06:44;3.9987391218994786;0.015218929960363916;467.14277210489973;262.747718289904;3.5025474;1.71241365;  69823; 377400;22.69;0.99;13.9;;;;21.846352515264442;0.42439;0.81469;0.11846;5;4.035
2021-10-11 13:26:41;3.187794785934024;0.010360317761888912;456.74837494556095;307.6927618630125;4.3258444;1.56090642;  72962; 377790;29.64;0.9400000000000001;12.02;;;;12.05932021253407;0.42439;0.81469;0.11846;5;3.678
2021-10-14 08:08:19;4.80449761444215;0.028506699789431617;357.89582615327566;168.5392434035222;1.6320640000000002;1.7145356;  29987; 382209;6.9;0.96;30.79;VLISSGBISSVH;-999;;59.663398448165445;0.42439;0.81469;0.11846;5;4.04
2021-10-14 08:25:46;4.8820854441895465;0.02882379817110254;485.08951286374037;169.37689527274406;2.8569404;2.06338418;  34699; 382549;17.24;1.23;30.17;VLISSGBISSVH;-999;;38.98951068445965;0.42439;0.81469;0.11846;5;4.862
2021-10-14 08:47:04;5.633537130392779;0.031680325011408814;1999.99940077176;177.82447397127436;1.4093592;1.7145356;  38429; 378868;5.02;0.76;28.07;;;;61.515559026686546;0.42439;0.81469;0.11846;5;4.04
2021-10-14 09:05:48;5.635529711988309;0.03131343370089945;781.0997624622648;179.97163025358134;5.068588599999999;1.7378770499999998;  42223; 376288;35.91;1.6800000000000002;26.87;TERNZBI20;-999;;19.026414939029536;0.42439;0.81469;0.11846;5;4.095
2021-10-14 09:24:31;5.810881420127264;0.0286921242615654;897.3555056783482;202.52531207357285;1.7244628;1.73830144;  46054; 374495;7.68;0.91;25.03;TERNZBI20;-999;;53.023480312009895;0.42439;0.81469;0.11846;5;4.096
2021-10-14 09:43:14;6.532904165628172;0.030736519345044698;1999.9992420220929;212.5453468654185;1.5763878;1.67252099;  46240; 374409;6.430000000000001;1.04;25.3;TERNZBI20;-999;;55.924801737342975;0.42439;0.81469;0.11846;5;3.941
2021-10-14 10:01:57;4.14089176072165;0.024080618806975457;343.66905393491186;171.9595245418757;1.5124194;1.5452039899999999;  47113; 373695;5.89;0.8500000000000001;25.32;;;;50.038925052061586;0.42439;0.81469;0.11846;5;3.641
2021-10-14 10:18:37;3.9750239987335396;0.026470943370079915;466.5146663340687;150.1655586338682;1.5598033999999998;1.50021865;  50626; 374798;6.29;0.7899999999999999;24.82;;;;44.96224007982916;0.42439;0.81469;0.11846;5;3.535
2021-10-14 10:34:10;4.980436314659807;0.025540187456314516;744.2898540066716;195.00390602765336;1.6368024;1.5193162;  53443; 376716;6.94;0.8500000000000001;24.37;;;;44.00936188881629;0.42439;0.81469;0.11846;5;3.58
2021-10-14 10:52:53;5.673219462711747;0.024642975680072492;755.036812270166;230.21649399668027;2.0916888;1.63559906;  55574; 379831;10.78;0.98;23.55;;;;38.585877290223394;0.42439;0.81469;0.11846;5;3.854
2021-10-25 10:34:42;3.35151858400924;0.013819034464768098;517.6740479241581;242.52914286841118;2.520514;1.39836505;  59156; 383685;14.4;0.6799999999999999;20.32;;;;12.019169680192615;0.42439;0.81469;0.11846;5;3.295
2021-10-25 10:56:04;3.684574597252414;0.020681582772229676;437.1020136376763;178.15728311664327;2.1201192;1.78837946;  60674; 379887;11.02;0.58;18.34;;;;25.101553160436584;0.42439;0.81469;0.11846;5;4.214
2021-10-25 11:15:32;4.352141909209901;0.021632144253818344;566.6022240851426;201.18865047054655;2.2753018;1.77437459;  62404; 376875;12.33;0.59;17.16;;;;24.090025530952726;0.42439;0.81469;0.11846;5;4.181
2021-10-25 11:32:46;5.486121348005769;0.020309876606599823;1200.9235350530832;270.1208606172929;2.052597;1.8040818900000002;  65581; 376267;10.450000000000001;0.53;15.12;;;;25.013898860432846;0.42439;0.81469;0.11846;5;4.251
2021-10-25 11:51:03;3.340370019131492;0.014397548557653721;631.9225909032433;232.00963731813601;2.3890233999999997;1.5023406;  68993; 376927;13.29;0.58;14.98;;;;13.34201026478795;0.42439;0.81469;0.11846;5;3.54
2021-10-25 12:10:00;3.2811850464045165;0.015777554717893796;860.0694120461865;207.9653726494909;3.2419354;1.61650151;  72763; 378081;20.49;0.55;12.53;;;;10.585384301114813;0.42439;0.81469;0.11846;5;3.809
2021-10-25 12:29:19;2.9022932391955663;0.01239074423559196;1999.9963660054837;234.23074385304758;4.867206599999999;1.4425016099999999;  74146; 375050;34.21;0.6599999999999999;11.729999999999999;;;;4.729304766805584;0.42439;0.81469;0.11846;5;3.399
2021-08-17 14:29:46;11.33725534205436;0.030112714937408948;1007.5976633517181;376.4939616245003;1.9199218;3.6709735;  59512; 383604;9.33;0.93;18.22;;;;220.0909532843244;0.42439;0.81469;0.11846;5;8.65
2021-08-17 14:46:17;12.646439386490263;0.029735653696685384;1316.4430926726216;425.2954892294819;2.165134;3.7698563699999994;  61764; 381307;11.4;0.99;15.29;;;;196.2388799519469;0.42439;0.81469;0.11846;5;8.883
2021-08-17 15:05:00;12.967532328796375;0.03257614291336363;1642.9270341798756;398.0683767038834;2.159211;3.61368085;  64050; 379100;11.350000000000001;0.99;14.75;;;;200.04354630789553;0.42439;0.81469;0.11846;5;8.515
2021-08-17 15:23:43;12.043604365965972;0.027507445614266778;1261.0251028727896;437.8307071784062;1.7860619999999998;3.1982030399999997;  66167; 376344;8.2;0.8;12.59;;;;188.54013153968708;0.42439;0.81469;0.11846;5;7.536
2021-08-17 15:42:27;10.875501999660601;0.023659534802829063;1164.7916063032465;459.6667724151607;2.0016591999999997;2.9028275999999997;  69511; 377215;10.02;0.72;12.12;;;;133.70499836923545;0.42439;0.81469;0.11846;5;6.84
2021-08-17 16:01:10;12.986099964569295;0.027488296045466237;1430.9375868422758;472.42287928978953;4.01311;3.16043233;  72389; 378374;27;0.8500000000000001;10.28;;;;82.83917910388266;0.42439;0.81469;0.11846;5;7.447
2020-04-14 10:06:35;9.355953033305017;0.026062011021472126;847.7920193064556;358.9881466014567;2.1959336;2.9690324400000003;  60583; 383028;11.66;0.8300000000000001;17.779999999999998;;;;324.73462044198516;0.42439;0.81469;0.11846;5;6.996
2020-04-14 10:24:45;8.666021208265732;0.021309285628256746;799.9103806827469;406.6781664784825;2.2776710000000002;2.6172131299999997;  62450; 380466;12.350000000000001;0.8200000000000001;15.28;;;;243.99258421828654;0.42439;0.81469;0.11846;5;6.167
2020-04-14 10:46:07;9.305732609157186;0.019237273515142324;922.7411082802091;483.7344856500752;2.8557558000000003;2.5633156;  64916; 377821;17.23;0.8400000000000001;14.350000000000001;;;;179.36353625723413;0.42439;0.81469;0.11846;5;6.04
2020-04-14 11:05:51;13.858622144613017;0.02420452385461778;1999.9989223878256;572.5633037796381;1.987444;2.53573025;  67613; 376401;9.9;0.71;13.49;;;;288.573676683932;0.42439;0.81469;0.11846;5;5.975
2020-04-14 11:22:24;14.209350747617771;0.024127909670949067;1851.8757445641722;588.9176037792605;2.8024487999999996;2.8094618;  70478; 377871;16.779999999999998;0.72;12.81;;;;231.05076618836597;0.42439;0.81469;0.11846;5;6.62
2020-04-14 11:40:40;12.445343563755442;0.021020332507131055;1999.999842465081;592.06216455108;2.7432187999999997;2.57816925;  73091; 377571;16.279999999999998;0.69;9.32;;;;186.65235513493303;0.42439;0.81469;0.11846;5;6.075
2020-04-14 11:59:34;;;;;3.4895167999999996;2.52978879;  74475; 374748;22.58;0.6799999999999999;8.77;;;;;0.42439;0.81469;0.11846;5;5.961
2020-04-14 12:18:34;;;;;4.1090626;0.75796054;  75759; 373865;27.810000000000002;0.73;8.28;;;;;0.42439;0.81469;0.11846;5;1.786
2020-04-14 12:35:56;3183.890195407537;1.2608494726775089e-16;6.9377463547422025;25251945330526302e3;4.1090626;0.73886299;  75759; 373865;27.810000000000002;0.73;8.28;;;;1.2716335547904806e-10;0.42439;0.81469;0.11846;5;1.741
2020-04-16 08:09:50;14.02583298959139;0.03881920284197954;1999.9995845276635;361.3117210749029;1.661679;8.7169706;  28276; 381908;7.1499999999999995;4.75;29.330000000000002;;;;2272.220538744764;0.42439;0.81469;0.11846;5;20.54
2020-04-16 08:28:33;14.833664332133083;0.04130382171146838;1780.360557222686;359.1353951640359;1.661679;12.867504799999999;  28276; 381908;7.1499999999999995;4.75;29.330000000000002;VLISSGBISSVH;0.81;12.4;3617.1012643029617;0.42439;0.81469;0.11846;5;30.32
2020-04-16 08:47:16;13.440925987235124;0.038178187282002195;1271.0027066219868;352.05773097486457;1.661679;14.217065;  28276; 381908;7.1499999999999995;4.75;29.330000000000002;VLISSGBISSVH;0.81;12.4;3867.2954247015464;0.42439;0.81469;0.11846;5;33.5
2020-04-16 09:06:00;12.031978124322283;0.043676077324095716;955.8927050626053;275.48211427138267;3.1886284;12.179993;  33545; 382412;20.04;8.48;29.110000000000003;VLISSGBISSVH;0.81;12.4;1804.0698601200086;0.42439;0.81469;0.11846;5;28.7
2020-04-16 09:26:27;12.071190956130147;0.039230224782290705;1122.3630184368733;307.7012946808125;1.9898132;22.9255478;  37777; 379230;9.92;4.98;27.22;;;;5071.168960345167;0.42439;0.81469;0.11846;5;54.02
2020-04-16 09:45:59;12.725018182413194;0.03879022900616897;1076.0788878119654;328.04699813423326;1.5408498;17.5145753;  41375; 375747;6.13;1.72;24.27;;;;5175.410964938026;0.42439;0.81469;0.11846;5;41.27
2020-04-16 10:04:42;14.678129734860335;0.03854785541445961;1289.4865375700688;380.7768182443283;2.419823;15.0361377;  45891; 374016;13.55;2.69;23.62;;;;2953.238079695614;0.42439;0.81469;0.11846;5;35.43
2020-04-16 10:23:25;15.568258941508764;0.04233568061521412;1999.9993463920403;367.7337582690006;2.105904;13.1051632;  50358; 374658;10.9;1.36;22.8;;;;2965.6708691116387;0.42439;0.81469;0.11846;5;30.88
2020-04-16 10:43:01;15.553569854063502;0.035133177538500815;1237.4724708637373;442.70319236052785;1.8642456000000003;12.179993;  54424; 377662;8.860000000000001;1.1700000000000002;21.93;;;;3099.466047529309;0.42439;0.81469;0.11846;5;28.7
2020-04-16 11:01:44;16.22047684485467;0.03871450905781352;1393.1164882274693;418.9766896083366;1.8405535999999998;10.2065795;  56284; 381893;8.66;1.1600000000000001;21.650000000000002;HANSWGL;1.5;3.4;2744.969501741217;0.42439;0.81469;0.11846;5;24.05
2020-04-28 11:17:13;10.357904812168423;0.03648939773619625;1098.2731672319776;283.8606678863798;2.0028438;6.7732644;  59809; 383889;10.03;2.71;16.89;;;;489.59193864266774;0.42439;0.81469;0.11846;5;15.96
2020-04-28 11:35:56;11.43642489285951;0.036645350741904836;1433.1433529111757;312.08392500884656;2.6579276;6.3785817;  61943; 381115;15.56;3.17;16.2;;;;347.3792172491568;0.42439;0.81469;0.11846;5;15.03
2020-04-28 11:54:39;14.001024662755006;0.03357213638704111;1757.5805310621924;417.04300558481646;2.307286;6.2639964;  64523; 378470;12.6;1.53;14.94;;;;376.6463086105525;0.42439;0.81469;0.11846;5;14.76
2020-04-28 12:14:11;14.950817988402516;0.025806198788448486;1999.9999671264472;579.3498729109567;2.1260422;3.6798856899999994;  66793; 376326;11.07;0.9400000000000001;12.66;;;;193.44406003797332;0.42439;0.81469;0.11846;5;8.671
2020-04-28 12:32:54;12.808075300741217;0.027622280753002222;1999.9995129919675;463.6863775033902;2.4127154;3.24488594;  69821; 377446;13.49;0.8200000000000001;11.79;;;;154.98009487802068;0.42439;0.81469;0.11846;5;7.646
2020-04-28 12:51:37;13.314149448526729;0.02561141399473497;1640.6268285890899;519.8521819710448;4.2571376;3.23554936;  72483; 378258;29.06;0.8700000000000001;10.5;;;;84.32432999646682;0.42439;0.81469;0.11846;5;7.624
2020-04-28 13:10:20;14.7756040121489;0.02508960053100951;1999.999978180581;588.9134820575155;2.9694774;3.20117377;  73645; 375937;18.19;0.75;9.229999999999999;;;;117.4332864683419;0.42439;0.81469;0.11846;5;7.543
2020-04-28 13:29:20;8.539888860376845;0.010061582027284086;1999.9999460763684;848.7620373435458;5.4630604;1.63644784;  75838; 374083;39.24;1.03;8.49;SCHAARVODDL;3.72;3.6;13.748280014065676;0.42439;0.81469;0.11846;5;3.856
2020-04-30 05:39:17;7.560742437811852;0.0409794943791303;864.3161415259978;184.500627749627;2.3108397999999997;12.0866272;  28297; 381954;12.629999999999999;9.54;29.47;;;;1677.0722641770885;0.42439;0.81469;0.11846;5;28.48
2020-04-30 06:02:14;;;;;2.3108397999999997;18.112965199999998;  28297; 381954;12.629999999999999;9.54;29.47;VLISSGBISSVH;-999;19;;0.42439;0.81469;0.11846;5;42.68
2020-04-30 06:14:17;9.797487469760359;0.03864207035922088;940.1559618395825;253.54457922885217;2.3108397999999997;23.6088157;  28297; 381954;12.629999999999999;9.54;29.47;VLISSGBISSVH;-999;19;3679.1615609815176;0.42439;0.81469;0.11846;5;55.63
2020-04-30 06:33:00;10.156504746588343;0.0411688882470201;1273.5856987289583;246.70340101602076;4.3104446;31.362421;  31888; 382275;29.51;13.31;29.279999999999998;VLISSGBISSVH;-999;19;2621.181192359188;0.42439;0.81469;0.11846;5;73.9
2020-04-30 06:51:43;14.278899745039908;0.044678618809280944;1885.5676573109379;319.591342024069;6.2129122;25.5949609;  37124; 380420;45.57;13.370000000000001;28.93;;;;1746.4462182216698;0.42439;0.81469;0.11846;5;60.31
2020-04-30 07:10:26;15.224695024387945;0.04290228922464736;1923.096744314058;354.86905942635246;2.05852;24.6528151;  40576; 376488;10.5;7.94;26.110000000000003;TERNZBI20;4.18;28;5112.618511232338;0.42439;0.81469;0.11846;5;58.09
2020-04-30 07:29:09;15.96617729564934;0.0417400745674566;1435.644559852546;382.51434529294437;2.467207;24.444864;  45378; 374434;13.950000000000001;7.21;24.9;TERNZBI20;4.18;28;4463.9377601093365;0.42439;0.81469;0.11846;5;57.6
2020-04-30 07:47:52;15.564497696855113;0.03908782944686268;1291.3897545180332;398.1929392629493;2.437592;26.698374899999997;  45662; 374396;13.7;9.629999999999999;24.91;TERNZBI20;4.18;28;4809.595638739061;0.42439;0.81469;0.11846;5;62.91
2020-04-30 08:06:35;18.851987207208197;0.039893372344211996;1876.8773340292091;472.5593776466825;2.437592;24.5212542;  45662; 374396;13.7;9.629999999999999;24.91;;;;4569.888095786662;0.42439;0.81469;0.11846;5;57.78
2020-04-30 08:25:18;17.769887875687626;0.0401519284954414;1404.2147352529253;442.56623633171466;2.437592;22.802474699999998;  45662; 374396;13.7;9.629999999999999;24.91;;;;4373.92796837288;0.42439;0.81469;0.11846;5;53.73
2020-04-30 08:44:01;17.620944822353415;0.04262623149191865;1448.636788552486;413.3826567730742;2.437592;21.6566217;  45662; 374396;13.7;9.629999999999999;24.91;HANSWGL;2.01;20;4240.213330059772;0.42439;0.81469;0.11846;5;51.03
2020-05-11 08:47:33;11.833893365493797;0.03293929046807313;976.2384276447225;359.2637606133005;2.7740183999999997;6.068777;  59542; 384005;16.54;2.02;21.3;;;;1063.0034612399336;0.42439;0.81469;0.11846;5;14.3
2020-05-11 09:06:16;11.617100424343462;0.034515802923151526;1211.4464705246885;336.57337916225254;2.9292010000000004;5.920240499999999;  61524; 381659;17.85;1.95;19.779999999999998;;;;948.7161333902679;0.42439;0.81469;0.11846;5;13.95
2020-05-11 09:24:59;12.97134852990734;0.033273961566643216;1492.872723777491;389.8348113412193;2.6792504;5.1138995000000005;  63691; 379381;15.739999999999998;1.53;17.72;;;;903.1592234005653;0.42439;0.81469;0.11846;5;12.05
2020-05-11 09:43:42;14.923340533398356;0.0336122100665648;1780.7327259994518;443.9856975737251;2.4150846;4.6937534;  65479; 376493;13.51;1.44;17.259999999999998;;;;964.2529710821436;0.42439;0.81469;0.11846;5;11.06
2020-05-11 10:02:25;14.038173163241845;0.031373361931776235;1424.416695730401;447.4551753098352;2.2030412;4.540972999999999;  67630; 376379;11.719999999999999;1.1;15.6;;;;1000.1306194358345;0.42439;0.81469;0.11846;5;10.7
2020-05-11 10:21:08;13.28343307637445;0.03324555846497339;1719.7126547361909;399.5551192310249;2.8510174000000004;4.396680399999999;  70142; 377633;17.19;1.05;14.55;;;;720.8106113978681;0.42439;0.81469;0.11846;5;10.36
2020-05-11 10:39:51;12.59834042634201;0.030687796978352166;1411.4169412913852;410.5325786412479;2.7763875999999996;4.130163479999999;  72803; 378011;16.56;0.88;12.32;;;;674.897430290002;0.42439;0.81469;0.11846;5;9.732
2020-06-08 15:22:10;;;;;3.6849758;29.639397600000002;  29547; 381795;24.23;1.8800000000000001;30.36;;;;;0.42439;0.81469;0.11846;5;69.84
2020-06-08 15:59:27;7.532947928422265;0.042700310135614795;742.3036360985682;176.41436103152103;3.6849758;51.902896999999996;  29547; 381795;24.23;1.8800000000000001;30.36;VLISSGBISSVH;-999;7.5;4066.9886016978808;0.42439;0.81469;0.11846;5;122.3
2020-06-08 16:18:10;6.462658818560044;0.04863959835626719;938.1089375344048;132.868260367272;4.60541;46.173632;  30644; 381823;32;2.16;30.3;VLISSGBISSVH;-999;7.5;2734.9123856250453;0.42439;0.81469;0.11846;5;108.8
2020-06-23 15:11:42;20.626886552024082;0.0378429601382632;1887.5338296547363;545.0653563215351;3.237197;4.6046315;  28394; 381861;20.45;2.02;30.330000000000002;VLISSGBISSVH;2.12;6.7;974.5367071042836;0.42439;0.81469;0.11846;5;10.85
2020-06-23 15:30:25;20.453021735089067;0.03945231920855534;1999.9999522819771;518.4238124752314;1.8926759999999998;4.5537047;  31534; 382096;9.1;1.27;30.47;VLISSGBISSVH;2.12;6.7;1658.1044611143836;0.42439;0.81469;0.11846;5;10.73
2020-06-23 15:49:08;19.516638026764753;0.03747921713490359;1795.6425406562269;520.7322756106697;2.2208102000000003;4.540972999999999;  37052; 380393;11.870000000000001;1.43;29.54;;;;1368.8688932432483;0.42439;0.81469;0.11846;5;10.7
2020-06-23 16:07:51;20.30469026189228;0.0378124617689498;1984.5094351614766;536.984087044175;1.572834;4.7404363;  40825; 376111;6.4;1.58;27.279999999999998;TERNZBI20;0.79;5.3;2028.7356199120284;0.42439;0.81469;0.11846;5;11.17
2020-06-23 16:26:34;20.033585140261145;0.03880312438719313;1999.9998377036347;516.2879396091407;3.1412444;4.6598022;  45840; 374364;19.64;1.6600000000000001;26.71;TERNZBI20;0.79;5.3;1003.4355699469213;0.42439;0.81469;0.11846;5;10.98
2020-06-23 16:45:18;20.681666739906554;0.0366572589012817;1999.9999548870467;564.1902138837618;3.1412444;4.5664364;  45840; 374364;19.64;1.6600000000000001;26.71;TERNZBI20;0.79;5.3;970.6083634045133;0.42439;0.81469;0.11846;5;10.76
2020-06-23 17:04:00;18.840928847688534;0.03935909433256588;1999.9999474064464;478.6931500123332;3.1412444;4.714972899999999;  45840; 374364;19.64;1.6600000000000001;26.71;;;;991.4916401187563;0.42439;0.81469;0.11846;5;11.11
2020-06-23 17:22:43;19.90289141402272;0.03754221702373502;1999.9998575336954;530.1469383504888;3.1412444;4.5537047;  45840; 374364;19.64;1.6600000000000001;26.71;HANSWGL;1.79;6.9;961.3070542453415;0.42439;0.81469;0.11846;5;10.73
2020-06-23 17:41:26;18.240401438417926;0.03529294266258167;1607.6763641246052;516.8285799460068;3.1412444;4.7192168;  45840; 374364;19.64;1.6600000000000001;26.71;HANSWGL;1.79;6.9;964.6117772547104;0.42439;0.81469;0.11846;5;11.12
2020-06-24 09:39:13;14.847479641778847;0.03427105346952473;1374.9704054993258;433.2367446767242;1.8926759999999998;5.4618993;  59812; 383823;9.1;1.8;21.03;;;;1697.5116936543297;0.42439;0.81469;0.11846;5;12.87
2020-06-24 09:59:57;17.825570395655102;0.03111079739610543;1589.988592858915;572.9705403785817;2.47313;4.5070217999999995;  61749; 381370;14;1.7;19.979999999999997;;;;1098.464668432593;0.42439;0.81469;0.11846;5;10.62
2020-06-24 10:18:40;18.93757986536161;0.030097248057174387;1679.027032589528;629.2130041054498;2.3831003999999996;4.7064851;  63350; 379670;13.239999999999998;1.73;20.29;;;;1193.589076959132;0.42439;0.81469;0.11846;5;11.09
2020-06-24 10:37:23;21.410173541898498;0.03280515951554093;1999.9999313285302;652.6465305482134;3.6316688;4.9696069000000005;  64917; 377754;23.779999999999998;1.8800000000000001;19.71;;;;883.043932492051;0.42439;0.81469;0.11846;5;11.71
2020-06-24 10:56:05;19.689339549755307;0.03357843729930101;1999.9999506887723;586.3685487878607;1.7280166000000001;4.642826599999999;  66517; 376305;7.71;1.3;17.16;;;;1685.3704938781666;0.42439;0.81469;0.11846;5;10.94
2020-06-24 11:14:48;19.190216770765847;0.030838470717606887;1999.9999775342178;622.2817255269861;1.9199218;4.08517814;  68826; 376925;9.33;1.1700000000000002;16.830000000000002;;;;1261.6166505681056;0.42439;0.81469;0.11846;5;9.626
2020-06-24 11:33:31;19.702012589056416;0.030752455984152403;1771.528166892325;640.6646870483909;2.4754992;4.064807419999999;  70953; 378161;14.02;1.1400000000000001;15.370000000000001;;;;1010.713197819205;0.42439;0.81469;0.11846;5;9.578
2020-06-24 11:52:15;18.63447269046057;0.029578580648980703;1999.9999737543467;629.9988803250005;2.4778683999999997;3.6654564300000003;  73027; 377745;14.04;0.81;14.34;;;;846.2700340420328;0.42439;0.81469;0.11846;5;8.637
2020-06-24 12:10:41;17.651824608920798;0.028126066337477235;1999.9998630128855;627.5966357016022;3.3414418;3.24191521;  73798; 375545;21.330000000000002;0.92;13.97;;;;526.8186483526476;0.42439;0.81469;0.11846;5;7.639
2020-07-06 15:01:13;17.085576925538476;0.03905303182625005;1803.8506440499834;437.4968120670765;1.8523996;4.4136560000000005;  30298; 382073;8.76;1.6700000000000002;30.89;VLISSGBISSVH;-999;;1220.7980505030816;0.42439;0.81469;0.11846;5;10.4
2020-07-06 15:18:34;19.1646221205714;0.034612591807306435;1656.7803359700058;553.6893113137487;3.89465;4.8974606;  36117; 381571;26;2.11;30.75;VLISSGBISSVH;-999;;649.2280691460064;0.42439;0.81469;0.11846;5;11.54
2020-07-06 15:38:57;19.389432252943617;0.036352108015948736;1441.7685785372053;533.3784837027032;1.3915902;4.3499975;  39969; 376915;4.87;1.3900000000000001;29.310000000000002;;;;1716.2543234887944;0.42439;0.81469;0.11846;5;10.25
2020-07-06 15:57:39;20.39434123077923;0.03798588495254334;1812.945361513759;536.8926183043612;1.2695764;4.12591958;  45173; 374154;3.84;1.47;26.85;;;;1782.4883337104752;0.42439;0.81469;0.11846;5;9.722
2020-07-06 16:16:22;19.691451818001127;0.039279765986815963;1988.259754262737;501.31285977137577;1.7872466;3.95149529;  50738; 374909;8.209999999999999;1.51;26.49;;;;1195.0394137334956;0.42439;0.81469;0.11846;5;9.311
2020-07-06 16:35:05;20.29721251427197;0.03779879567605744;1999.9999538701284;536.9804024504583;2.4826068;4.07074888;  55238; 378684;14.08;1.8800000000000001;25.91;HANSWGL;1.75;;878.9802511166927;0.42439;0.81469;0.11846;5;9.592
2020-07-07 07:40:44;14.5563135762347;0.03363334808687769;1591.1568689891942;432.794069107677;1.6486484;3.73802712;  59602; 383976;7.04;1.1900000000000002;23.279999999999998;;;;1065.7832780062083;0.42439;0.81469;0.11846;5;8.808
2020-07-07 07:59:28;19.03619909352271;0.034204931517892626;1999.9999876352917;556.5337584016171;2.4636532;3.97695869;  61636; 381552;13.92;1.46;21.419999999999998;;;;838.6013882776067;0.42439;0.81469;0.11846;5;9.371
2020-07-07 08:18:11;20.595171862833308;0.030395126350910535;1999.9999672485337;677.5813867349278;2.0857658;4.04910499;  64024; 379142;10.729999999999999;1.45;20.39;;;;981.4802570674221;0.42439;0.81469;0.11846;5;9.541
2020-07-07 08:36:54;18.164409254546577;0.03125552925058155;1391.2266181980692;581.1582683153126;1.7232782;4.19212442;  65827; 376360;7.67;1.43;19.04;;;;1275.795234210048;0.42439;0.81469;0.11846;5;9.878
2020-07-07 08:55:37;19.58160711611175;0.03233553313116569;1880.0606895905194;605.5755146105377;2.2137026;3.80338318;  68827; 376843;11.81;1.52;18.6;;;;888.6990722819022;0.42439;0.81469;0.11846;5;8.962
2020-07-07 09:14:21;20.413819552227938;0.030855394337468357;1999.9999811215173;661.5964563265687;3.7122216;4.11191471;  72166; 378375;24.459999999999997;1.46;17.14;;;;562.3733359483833;0.42439;0.81469;0.11846;5;9.689
2020-07-07 09:33:03;20.764213805256407;0.02889173951792352;1999.999976297153;718.6903298908308;2.7005732;3.6446613199999995;  73607; 376017;15.92;1.01;15.53;;;;665.9610705649238;0.42439;0.81469;0.11846;5;8.588
2020-07-21 14:31:51;17.12299263421447;0.038585707794047394;1999.9998456019725;443.7651558864505;1.3216988;4.3499975;  29656; 381848;4.28;0.8700000000000001;31.45;VLISSGBISSVH;1;5.1;1908.4016814833842;0.42439;0.81469;0.11846;5;10.25
2020-07-21 14:50:35;17.064631105503054;0.036905998010279065;1559.5432254317054;462.3809685555776;2.1319652;4.9101923;  35938; 381552;11.12;1.3;31.150000000000002;VLISSGBISSVH;1;5.1;1363.2101301687553;0.42439;0.81469;0.11846;5;11.57
2020-07-21 15:09:18;20.098981151845585;0.03338042588662158;1631.7824059317559;602.1187752401021;1.4828044;4.6725338999999995;  39635; 377190;5.64;1.37;29.54;TERNZBI20;1.37;5.8;1910.3641845796906;0.42439;0.81469;0.11846;5;11.01
2020-07-21 15:28:01;20.02941790457869;0.03547771595087858;1817.370143084931;564.5633425869593;1.6936632;4.8040948;  44657; 374450;7.42;1.46;27.919999999999998;TERNZBI20;1.37;5.8;1730.4201695444972;0.42439;0.81469;0.11846;5;11.32
2020-07-21 15:45:26;19.232286686061002;0.035891610161870924;1493.7708902759614;535.8435188425238;1.4946504;5.09268;  46208; 374202;5.74;0.99;27.69;TERNZBI20;1.37;5.8;2136.7401155287;0.42439;0.81469;0.11846;5;12
2020-07-21 16:00:30;20.99975282655129;0.035977481037584455;1999.9999794526827;583.6915820930755;1.5929722000000002;5.0205337;  50144; 374607;6.57;1.34;26.66;TERNZBI20;1.37;5.8;1943.7859402927982;0.42439;0.81469;0.11846;5;11.83
2020-07-21 16:19:13;32.54306990124858;0.026665754260425834;1999.9999830957852;1220.406877803759;1.8606918000000001;7.1467276;  54888; 377958;8.83;1.5;26.52;;;;2403.8254041102355;0.42439;0.81469;0.11846;5;16.84
2020-09-16 13:01:32;19.456147760714412;0.03396306823711576;1999.9999802415732;572.8618988390516;2.8083718;8.059166099999999;  28393; 381898;16.830000000000002;1.26;32.39;VLISSGBISSVH;1.89;12.4;995.4167417156135;0.42439;0.81469;0.11846;5;18.99
2020-09-16 13:21:04;17.259362946279175;0.03814365522819661;1332.6767235135558;452.48319394206044;3.1021526;4.252387799999999;  33402; 382470;19.310000000000002;1.51;32.42;VLISSGBISSVH;1.89;12.4;522.9248528655833;0.42439;0.81469;0.11846;5;10.02
2020-09-16 13:39:47;17.969900221027935;0.03486746105033326;1434.2074313744702;515.3773655927316;1.7303858;4.101304959999999;  37823; 379261;7.73;1.61;31.419999999999998;;;;862.5907508435732;0.42439;0.81469;0.11846;5;9.664
2020-09-16 13:58:30;21.480253442311813;0.03566944729640977;1652.094588921213;602.2031478035786;3.4907014;4.714972899999999;  42092; 376368;22.59;1.72;29.939999999999998;TERNZBI20;1.64;10;520.5942028037274;0.42439;0.81469;0.11846;5;11.11
2020-09-16 14:16:55;22.767875399860007;0.03629394764273989;1999.999896929145;627.3187922122991;5.0780654;4.8083387;  45880; 374474;35.99;1.8900000000000001;29.27;TERNZBI20;1.64;10;363.25688153199786;0.42439;0.81469;0.11846;5;11.33
2020-09-16 14:32:00;22.017146574063823;0.034533218130540985;1999.999494012095;637.5642863875458;2.5986976;4.0304318299999995;  46282; 374254;15.06;1.3800000000000001;29.45;TERNZBI20;1.64;10;569.5449412010267;0.42439;0.81469;0.11846;5;9.497
2020-09-16 14:47:51;23.588524338326486;0.03416302306790352;1999.9999835654628;690.4694672787354;2.1734262;6.0730209;  49960; 374482;11.47;1.09;28.1;;;;1045.0666196396091;0.42439;0.81469;0.11846;5;14.31
2020-09-16 15:08:36;23.69145703155275;0.03595364925333299;1999.9999883379735;658.9444332790919;1.9246602;5.729265;  54748; 377604;9.370000000000001;1.3;28.16;;;;1152.0051406203795;0.42439;0.81469;0.11846;5;13.5
2020-09-16 15:27:18;24.70451996875311;0.02823464434500451;1999.9999832655953;874.9718844297759;2.3499316;5.9584356;  56708; 382419;12.96;1.45;27.74;HANSWGL;2.52;10;850.238846316867;0.42439;0.81469;0.11846;5;14.04
2020-10-01 06:21:21;12.145223181333463;0.029503556353531395;1566.7794186696806;411.65285417802704;2.1224884;2.0260378599999997;  59553; 384028;11.04;0.7;24.24;;;;77.00804238628584;0.42439;0.81469;0.11846;5;4.774
2020-10-01 06:39:23;12.142978068083938;0.02622603970275265;963.4692537346084;463.01226588966944;2.47313;2.38040351;  61310; 382006;14;0.76;22.66;;;;74.7231499338155;0.42439;0.81469;0.11846;5;5.609
2020-10-01 06:56:45;12.499335804050824;0.027263187237740055;1203.3238900354538;458.4693526495745;2.502745;2.25435968;  63220; 379777;14.25;0.7899999999999999;22.5;;;;70.37437582098036;0.42439;0.81469;0.11846;5;5.312
2020-10-01 07:14:39;17.817075080199974;0.02232029476790087;1999.999951364919;798.2455099931279;2.360593;2.46867663;  65082; 377604;13.05;0.76;21.6;;;;68.81484345761943;0.42439;0.81469;0.11846;5;5.817
2020-10-01 07:35:01;10.574085561848605;0.022918870614443004;995.161490409532;461.3702716740777;2.1248576;2.06720369;  66824; 376338;11.06;0.7;20.85;;;;65.63344533195955;0.42439;0.81469;0.11846;5;4.871
2020-10-01 07:52:26;11.435421873951825;0.025704470742620427;1368.4424264219972;444.88065863930905;2.307286;2.0684768599999996;  69569; 377377;12.6;0.77;19.93;;;;64.73687670868391;0.42439;0.81469;0.11846;5;4.874
2020-10-01 08:12:50;10.810783713263413;0.02490785204987278;1051.1410196285974;434.03115176760616;3.3900104;2.3905888699999998;  72835; 377950;21.74;0.72;17.1;;;;50.70120990364089;0.42439;0.81469;0.11846;5;5.633
2020-10-14 11:57:52;11.043854730174312;0.031943817647426063;987.6023878152919;345.7274534956592;1.8133078;2.1177061;  29779; 382010;8.43;0.71;31.310000000000002;VLISSGBISSVH;1.3;3.2;163.21839627481046;0.42439;0.81469;0.11846;5;4.99
2020-10-14 12:18:11;12.52041575086769;0.02570090532819121;765.9066235368019;487.1585491244972;3.2229818000000003;2.69869601;  35830; 381685;20.330000000000002;0.8400000000000001;30.99;VLISSGBISSVH;1.3;3.2;111.95656338646623;0.42439;0.81469;0.11846;5;6.359
2020-10-14 12:36:54;12.74886814254572;0.026510726890093324;1079.779931360965;480.894703317614;2.0277203999999998;2.32014013;  39270; 377481;10.239999999999998;0.71;28.88;;;;144.51970800726832;0.42439;0.81469;0.11846;5;5.467
2020-10-14 12:54:17;12.838866433082774;0.024865451182530245;852.3910089999989;516.333540012457;3.0014616;2.4270864100000002;  43351; 375322;18.459999999999997;1.1400000000000001;28.05;TERNZBI20;6.25;3.82;103.3768333982191;0.42439;0.81469;0.11846;5;5.719
2020-10-14 13:13:44;14.806812963227884;0.03262303620589756;1385.8928168603265;453.8759933249599;3.5949462;2.66219847;  46218; 374453;23.47;0.89;27.75;TERNZBI20;6.25;3.82;108.43790289469987;0.42439;0.81469;0.11846;5;6.273
2020-10-14 13:32:38;12.634549605232385;0.02837589705522515;926.5293588572227;445.2563942081913;3.5949462;2.1898524;  46218; 374453;23.47;0.89;27.75;TERNZBI20;6.25;3.82;83.17975287218482;0.42439;0.81469;0.11846;5;5.16
2020-10-14 13:51:21;11.709516273788944;0.02717808468633562;928.6034746808521;430.84405722218395;3.5949462;2.01415494;  46218; 374453;23.47;0.89;27.75;;;;72.48865009775712;0.42439;0.81469;0.11846;5;4.746
2020-10-15 06:14:14;8.328306834158365;0.023668251568699894;1006.7507821523865;351.8767243953138;2.8320638000000002;1.76334045;  59606; 383979;17.03;0.89;22.16;;;;89.00659966368224;0.42439;0.81469;0.11846;5;4.155
2020-10-15 06:30:47;12.636193139289949;0.0216124032982725;879.281644300525;584.6732066257514;3.1507212;2.62952044;  61486; 381774;19.72;0.77;20.62;;;;139.8025404410976;0.42439;0.81469;0.11846;5;6.196
2020-10-15 06:48:07;10.601168163277356;0.030029042476151225;1433.7738853193928;353.03050943754533;2.6614814;2.4792863799999996;  63790; 379291;15.59;0.76;20.38;;;;158.52309068600874;0.42439;0.81469;0.11846;5;5.842
2020-10-15 07:08:30;11.151214220557767;0.024928273109669986;1524.051581398559;447.3319981492049;2.0490432;2.1474133999999996;  65784; 376273;10.42;0.54;18.19;;;;160.22082148812746;0.42439;0.81469;0.11846;5;5.06
2020-10-15 07:27:13;10.00826695523202;0.022751780143997417;1675.4417673189694;439.88940170347473;2.348747;1.96195497;  68397; 376667;12.950000000000001;0.56;17.19;;;;114.13100605607119;0.42439;0.81469;0.11846;5;4.623
2020-10-15 07:45:56;13.518813853096102;0.01850436559782961;1999.9999417119336;730.5742951102162;3.8662196;2.0947890399999998;  71417; 378325;25.759999999999998;0.69;14.950000000000001;;;;68.42450934826161;0.42439;0.81469;0.11846;5;4.936
2020-10-26 13:03:07;9.231294321502885;0.03524673721752262;748.5326334232905;261.9049322078421;1.9033373999999998;4.207826849999999;  60449; 383344;9.19;0.58;23.979999999999997;;;;394.4636854470238;0.42439;0.81469;0.11846;5;9.915
2020-10-26 13:18:58;10.849462311718659;0.026278461953945814;938.5006619038247;412.8651947261156;1.9353216;2.20470605;  60679; 383066;9.46;0.65;23.52;;;;177.36785524854403;0.42439;0.81469;0.11846;5;5.195
2020-10-26 13:36:37;10.73470162093974;0.02660496785961224;1141.2352306235032;403.4848558203143;2.1130116;2.37488644;  68557; 376733;10.96;0.56;20.17;;;;167.83378934731013;0.42439;0.81469;0.11846;5;5.596
2020-10-26 13:57:00;11.19574461892098;0.0250607738590096;1376.323069440648;446.74377103865834;2.1130116;2.15420364;  68557; 376733;10.96;0.56;20.17;;;;143.69393943509633;0.42439;0.81469;0.11846;5;5.076
2020-10-26 14:15:43;7.911384611391034;0.025170271738637996;1161.1258758151268;314.3146285245124;3.0192306;2.07696466;  69994; 377552;18.610000000000003;0.75;19.47;;;;87.42719012867437;0.42439;0.81469;0.11846;5;4.894
2020-10-26 14:29:16;11.061978411352808;0.023639931162447964;1887.819229673168;467.93615156226696;2.3143936;2.03452566;  72462; 378302;12.66;0.6;18.07;;;;112.94009323457081;0.42439;0.81469;0.11846;5;4.794
2020-10-26 14:48:21;7.942578623092352;0.022929933135067724;1349.2572581504855;346.3847267371848;2.2219948;1.98444764;  73851; 375524;11.88;0.5;16.66;;;;104.94478154512824;0.42439;0.81469;0.11846;5;4.676
