year;month;compartiment;method;monthlyMean
1991;1;1;calculated;7.943522404205057
1991;1;4;calculated;7.720738305035758
1991;1;5;calculated;10.113234654849093
1991;1;7;calculated;1.811191355834131
1991;1;9;calculated;3.238980187764698
1991;1;NA;calculated;4.400664303746877
1991;2;1;calculated;24.38550302871184
1991;2;4;calculated;27.71449422403897
1991;2;5;calculated;16.39609563624935
1991;2;7;calculated;2.3076592099822193
1991;2;9;calculated;3.715478603980402
1991;2;NA;calculated;11.491380592860311
1991;3;1;calculated;86.31842512187228
1991;3;4;calculated;14.621751883613928
1991;3;5;calculated;21.65992489606364
1991;3;7;calculated;14.69643305318476
1991;3;9;calculated;53.84038166883669
1991;3;NA;calculated;548.2831098847445
1991;4;1;calculated;645.2384112284332
1991;4;4;calculated;379.04983868830857
1991;4;5;calculated;332.7338695292044
1991;4;7;calculated;142.93413540292244
1991;4;9;calculated;67.24670404636693
1991;4;NA;calculated;300.3498144919994
1991;5;1;calculated;4501.9937734629
1991;5;4;calculated;2916.2255790326367
1991;5;5;calculated;1932.7888272168532
1991;5;7;calculated;341.66743957553274
1991;5;9;calculated;317.39351087516684
1991;5;NA;calculated;2178.7376399841482
1991;6;1;calculated;1634.8311119538116
1991;6;4;calculated;2236.721914212774
1991;6;5;calculated;2271.5878274594925
1991;6;7;calculated;1718.9191250267581
1991;6;9;calculated;1003.3404022407346
1991;6;NA;calculated;2827.210441483554
1991;7;1;calculated;743.8766833380024
1991;7;4;calculated;497.9867565760338
1991;7;5;calculated;1273.5236106653097
1991;7;7;calculated;1420.2417575650106
1991;7;9;calculated;1256.0946535174135
1991;7;NA;calculated;5485.117143296034
1991;8;1;calculated;5342.291535683
1991;8;4;calculated;2612.3808774433555
1991;8;5;calculated;2680.3983028987377
1991;8;7;calculated;1426.479236300297
1991;8;9;calculated;845.4028440622136
1991;8;NA;calculated;8466.902055793298
1991;9;1;calculated;582.9777626920386
1991;9;4;calculated;583.133447355515
1991;9;5;calculated;608.6081239148574
1991;9;7;calculated;349.1035423356545
1991;9;9;calculated;287.98944959096133
1991;9;NA;calculated;2736.999012239219
1991;10;1;calculated;250.3267322917197
1991;10;4;calculated;192.31510660530049
1991;10;5;calculated;160.96610462243316
1991;10;7;calculated;192.47880657382376
1991;10;9;calculated;198.31388982168352
1991;10;NA;calculated;1123.0850406317732
1991;11;1;calculated;43.179473496394856
1991;11;4;calculated;42.84851956957982
1991;11;5;calculated;15.696649667235617
1991;11;7;calculated;5.86516907449435
1991;11;9;calculated;10.087001380479943
1991;11;NA;calculated;19.892977755041205
1991;12;1;calculated;36.84652966467733
1991;12;4;calculated;28.62308160008732
1991;12;5;calculated;13.998765471661859
1991;12;7;calculated;2.956696688164313
1991;12;9;calculated;3.798594462307548
1991;12;NA;calculated;3.3915307404898583
1995;4;5;calculated;80.13955036880148
1995;4;9;calculated;51.49617156460572
1995;5;5;calculated;1486.3915853042772
1995;5;9;calculated;202.83520461299483
1995;6;5;calculated;5847.5485025091475
1995;6;9;calculated;2965.406889840086
1995;7;5;calculated;1655.5390702295176
1995;7;9;calculated;1064.3383878028212
1995;9;5;calculated;573.9328819083039
1995;9;9;calculated;432.41905893545015
1995;10;5;calculated;121.92517362496
1995;10;9;calculated;130.67276403834555
1995;11;5;calculated;27.334236910687235
1995;11;9;calculated;45.473441961941326
1997;4;3;calculated;3085.2845280989964
1997;4;4;calculated;1319.7781671679156
1997;4;5;calculated;3938.6389862343967
1997;4;7;calculated;5159.6229314698785
1997;4;9;calculated;2292.4357110638557
1997;4;NA;calculated;392.90152395164966
2001;2;3;calculated;36.354196053354435
2001;2;4;calculated;23.649798151918233
2001;2;5;calculated;13.40546782422246
2001;2;7;calculated;6.21731347195617
2001;2;9;calculated;7.790445419037556
2001;2;NA;calculated;22.144419458109844
2001;3;3;calculated;193.70515136214237
2001;3;4;calculated;111.85902201259182
2001;3;5;calculated;46.592644135391566
2001;3;7;calculated;16.116561775589552
2001;3;9;calculated;41.10168084343676
2001;3;NA;calculated;216.47415537049957
2001;4;3;calculated;1708.41743153275
2001;4;4;calculated;811.6364881276886
2001;4;5;calculated;216.1950000090302
2001;4;7;calculated;87.41856769311173
2001;4;9;calculated;55.67228605046711
2001;4;NA;calculated;195.9131133818613
2001;5;3;calculated;6908.9579137591145
2001;5;4;calculated;6808.153068138304
2001;5;5;calculated;3151.6197494080593
2001;5;7;calculated;1948.393776643683
2001;5;9;calculated;412.51994564926065
2001;5;NA;calculated;525.745266330142
2001;7;3;calculated;511.3600614371172
2001;7;4;calculated;668.4417474825133
2001;7;5;calculated;483.9193623402838
2001;7;7;calculated;451.0636251480101
2001;7;9;calculated;205.1600476716595
2001;7;NA;calculated;1876.9143435465796
2001;9;3;calculated;74.1583718605871
2001;9;4;calculated;193.88108597890297
2001;9;5;calculated;183.35449690485066
2001;9;7;calculated;59.36421059104864
2001;9;9;calculated;107.11151028167706
2001;9;NA;calculated;974.1360615024136
2001;10;3;calculated;193.7731560697008
2001;10;4;calculated;204.33476112055428
2001;10;5;calculated;139.6500343514013
2001;10;7;calculated;164.89634167051074
2001;10;9;calculated;152.2489627597806
2001;10;NA;calculated;187.60375118441905
2001;11;3;calculated;42.75369462793034
2001;11;4;calculated;49.36253822603083
2001;11;5;calculated;24.02521469888518
2001;11;7;calculated;14.7928082316593
2001;11;9;calculated;26.785312623886057
2001;11;NA;calculated;44.22776004390433
2001;12;3;calculated;8.830082078097186
2001;12;4;calculated;11.923914671273424
2001;12;5;calculated;13.573230543464723
2001;12;7;calculated;10.0260557015999
2001;12;9;calculated;10.558846491065877
2001;12;NA;calculated;19.058557505025473
2006;2;3;calculated;14.793520890062892
2006;2;5;calculated;9.677698188680683
2006;2;7;calculated;5.021047202352479
2006;2;NA;calculated;5.580785924205696
2006;3;3;calculated;124.42420898899472
2006;3;5;calculated;43.385317674784275
2006;3;7;calculated;8.506752433158299
2006;3;NA;calculated;157.58455713135902
2006;4;3;calculated;345.15570296583553
2006;4;5;calculated;288.92699537406264
2006;4;7;calculated;37.179730518893656
2006;5;3;calculated;935.4287987107994
2006;5;5;calculated;861.798888678287
2006;5;7;calculated;801.6377199636427
2006;5;NA;calculated;1702.8902361709472
2006;6;3;calculated;1014.9982149493144
2006;6;5;calculated;935.3611702326656
2006;6;7;calculated;804.6673665000945
2006;8;3;calculated;320.7828873673245
2006;8;5;calculated;174.19018473917964
2006;8;7;calculated;132.32150439199992
2006;8;NA;calculated;488.78879828643784
2006;9;3;calculated;101.77335814496246
2006;9;5;calculated;203.30420557196487
2006;9;7;calculated;144.20542649094017
2006;9;NA;calculated;539.095663616011
2006;11;3;calculated;48.937187514116616
2006;11;5;calculated;81.20533500476479
2006;11;7;calculated;35.803158738231474
2006;11;NA;calculated;30.796824857104387
2006;12;3;calculated;18.53245166123773
2006;12;5;calculated;6.834503971848949
2006;12;7;calculated;4.959033327803746
2006;12;NA;calculated;27.842035030492777
2007;1;3;calculated;8.517631030270215
2007;1;5;calculated;6.510414824277842
2007;1;7;calculated;5.798642425565143
2007;1;NA;calculated;9.498140079374195
2007;3;7;calculated;77.96686632566382
2007;3;NA;calculated;93.92491941891237
2007;4;3;calculated;1387.5598297345864
2007;4;5;calculated;477.5160321994528
2007;4;7;calculated;289.1570281204789
2007;4;NA;calculated;328.0633692418776
2007;5;3;calculated;1540.4855256283229
2007;5;5;calculated;3536.374389411113
2007;5;7;calculated;1252.7782744061003
2007;5;NA;calculated;127.87676563210036
2007;6;3;calculated;212.3064196051743
2007;6;5;calculated;367.748054856941
2007;6;7;calculated;201.9643269624528
2007;6;NA;calculated;337.1074616501996
2007;7;3;calculated;440.3003911929331
2007;7;5;calculated;335.269413357245
2007;7;7;calculated;327.7379405786657
2007;7;NA;calculated;417.756176672755
2007;8;3;calculated;2936.4168468223643
2007;8;5;calculated;862.281689302394
2007;8;7;calculated;238.4521670926419
2007;8;NA;calculated;206.7949606688991
2007;10;3;calculated;137.94068176364078
2007;10;5;calculated;125.23485920358262
2007;10;7;calculated;72.05904835663087
2007;10;NA;calculated;135.0683150001025
2007;11;3;calculated;11.56217625340968
2007;11;5;calculated;15.663011422668706
2007;11;7;calculated;7.909468215095463
2007;11;NA;calculated;9.427103335735602
2007;12;3;calculated;12.759505811666788
2007;12;5;calculated;10.478699933957726
2007;12;7;calculated;12.036309654302991
2007;12;NA;calculated;9.14849742671962
2008;1;3;calculated;8.991189064672476
2008;1;5;calculated;10.70184771391898
2008;1;7;calculated;13.912963320238331
2008;1;NA;calculated;18.492016022187965
2008;2;3;calculated;17.60622748534649
2008;2;5;calculated;23.289245356360816
2008;2;7;calculated;15.821886376233984
2008;2;NA;calculated;23.28858569698451
2008;3;3;calculated;98.32725184429542
2008;3;5;calculated;113.2842572007126
2008;3;7;calculated;100.79498650500648
2008;3;NA;calculated;115.34421685623303
2008;4;3;calculated;573.190832549657
2008;4;5;calculated;599.2062367711327
2008;4;7;calculated;463.8735032206881
2008;4;NA;calculated;184.9423829858583
2008;5;3;calculated;2731.2813451134725
2008;5;5;calculated;3393.987498849783
2008;5;7;calculated;8696.323017963448
2008;5;NA;calculated;280.64848620409725
2008;6;3;calculated;758.646744439193
2008;6;5;calculated;932.4175118610876
2008;6;7;calculated;540.2304182064587
2008;6;NA;calculated;471.317953803299
2008;7;3;calculated;243.45874858914507
2008;7;5;calculated;240.59236625916515
2008;7;7;calculated;415.7632114736673
2008;7;NA;calculated;168.1065252033711
2008;8;3;calculated;291.0061540367969
2008;8;5;calculated;398.0901060110931
2008;8;7;calculated;598.6662401277989
2008;8;NA;calculated;518.5122810885318
2008;9;3;calculated;385.6761531315647
2008;9;5;calculated;228.1825600981097
2008;9;7;calculated;231.04685213870977
2008;9;NA;calculated;212.90969505158213
2008;11;3;calculated;13.616615057798018
2008;11;5;calculated;19.626277655553437
2008;11;7;calculated;14.032507614549257
2008;11;NA;calculated;17.516533711916246
2008;12;3;calculated;6.13646166093084
2008;12;5;calculated;7.050065888179163
2008;12;7;calculated;5.0157155533184365
2008;12;NA;calculated;1.9775629142125164
2009;1;1;14C incubation;4
2009;1;3;14C incubation;2
2009;1;3;calculated;2.153460977504683
2009;1;5;14C incubation;2
2009;1;5;calculated;1.7772938591705083
2009;1;7;14C incubation;4
2009;1;7;calculated;5.714960833181361
2009;1;NA;14C incubation;2
2009;1;NA;calculated;2.739352420524064
2009;2;1;14C incubation;5
2009;2;3;14C incubation;6
2009;2;3;calculated;9.681359074604522
2009;2;5;14C incubation;4
2009;2;5;calculated;6.866667116034137
2009;2;7;14C incubation;7
2009;2;7;calculated;8.463209806390354
2009;2;NA;14C incubation;7
2009;2;NA;calculated;7.3901423509678414
2009;3;1;14C incubation;1052
2009;3;3;14C incubation;646.5
2009;3;3;calculated;908.8547034395294
2009;3;5;14C incubation;335.5
2009;3;5;calculated;464.3341850530601
2009;3;7;14C incubation;247.5
2009;3;7;calculated;356.2780570115216
2009;3;NA;14C incubation;21
2009;3;NA;calculated;25.858427198904906
2009;4;1;14C incubation;1375.5
2009;4;3;14C incubation;1295.5
2009;4;3;calculated;2248.867937845783
2009;4;5;14C incubation;2588.5
2009;4;5;calculated;3972.138469826032
2009;4;7;14C incubation;3943.5
2009;4;7;calculated;5664.508820673161
2009;4;NA;14C incubation;171
2009;4;NA;calculated;223.19321424506774
2009;5;1;14C incubation;691
2009;5;3;14C incubation;350.5
2009;5;3;calculated;635.0065792483996
2009;5;5;14C incubation;377
2009;5;5;calculated;619.7502944319781
2009;5;7;14C incubation;1447
2009;5;7;calculated;1820.054621259716
2009;5;NA;14C incubation;1134
2009;5;NA;calculated;1529.0374194850206
2009;6;1;14C incubation;1769
2009;6;3;14C incubation;924
2009;6;3;calculated;1336.5426861824883
2009;6;5;14C incubation;449
2009;6;5;calculated;623.0221787092943
2009;6;7;14C incubation;216
2009;6;7;calculated;304.24937846035044
2009;6;9;calculated;433.99045564669
2009;6;NA;14C incubation;1715
2009;6;NA;calculated;2430.290524434635
2009;7;1;14C incubation;725
2009;7;3;14C incubation;160
2009;7;3;calculated;307.8493541819947
2009;7;5;14C incubation;185
2009;7;5;calculated;349.1958829963525
2009;7;7;14C incubation;202
2009;7;7;calculated;279.04576499843313
2009;7;9;calculated;325.7946639188459
2009;7;NA;14C incubation;287.75
2009;7;NA;calculated;403.1192085149291
2009;8;1;14C incubation;242
2009;8;3;14C incubation;96
2009;8;3;calculated;165.57378768729436
2009;8;5;14C incubation;262
2009;8;5;calculated;430.6312144123756
2009;8;7;14C incubation;178
2009;8;7;calculated;297.61052889126955
2009;8;9;14C incubation;238
2009;8;9;calculated;396.8065420426548
2009;8;NA;14C incubation;458
2009;8;NA;calculated;780.8684536239983
2009;9;1;14C incubation;114
2009;9;3;14C incubation;154
2009;9;3;calculated;221.25133718606645
2009;9;5;14C incubation;188
2009;9;5;calculated;270.576362399901
2009;9;7;14C incubation;50
2009;9;7;calculated;71.07676885004646
2009;9;9;14C incubation;103
2009;9;9;calculated;150.4929687424107
2009;9;NA;14C incubation;206.5
2009;9;NA;calculated;333.837333113842
2009;10;1;14C incubation;121
2009;10;3;14C incubation;95
2009;10;3;calculated;99.61693825802456
2009;10;5;14C incubation;78
2009;10;5;calculated;71.67225548937466
2009;10;7;14C incubation;112
2009;10;7;calculated;129.00135347548596
2009;10;9;14C incubation;77
2009;10;9;calculated;10.033666532626851
2009;10;NA;14C incubation;86.5
2009;10;NA;calculated;97.22512303477052
2009;11;1;14C incubation;25
2009;11;3;14C incubation;16
2009;11;3;calculated;26.649368181188212
2009;11;5;14C incubation;17
2009;11;5;calculated;24.15179633222382
2009;11;7;14C incubation;20
2009;11;7;calculated;31.088885365814228
2009;11;9;14C incubation;33
2009;11;9;calculated;23.81677181873509
2009;11;NA;14C incubation;9
2009;11;NA;calculated;13.102876167830471
2009;12;1;14C incubation;7
2009;12;3;14C incubation;8
2009;12;3;calculated;13.541279124150847
2009;12;5;14C incubation;11
2009;12;5;calculated;15.494290930505544
2009;12;7;14C incubation;8
2009;12;7;calculated;17.565543062008715
2009;12;9;14C incubation;11
2009;12;9;calculated;17.106878044464974
2009;12;NA;14C incubation;11.5
2009;12;NA;calculated;14.454759178442124
2010;1;1;14C incubation;3
2010;1;3;14C incubation;5
2010;1;3;calculated;6.070880553148015
2010;1;5;14C incubation;9
2010;1;5;calculated;9.437285353365114
2010;1;7;14C incubation;6
2010;1;7;calculated;5.016084257237776
2010;1;NA;14C incubation;1
2010;1;NA;calculated;0.4320436702080432
2010;2;1;14C incubation;26
2010;2;3;14C incubation;32
2010;2;3;calculated;50.72539152480039
2010;2;5;14C incubation;25
2010;2;5;calculated;37.3949488270333
2010;2;7;14C incubation;7
2010;2;7;calculated;8.169189154468967
2010;2;9;14C incubation;21
2010;2;9;calculated;26.89953503695336
2010;2;NA;14C incubation;12
2010;2;NA;calculated;14.340019356369885
2010;3;1;14C incubation;161
2010;3;3;14C incubation;99
2010;3;3;calculated;168.96144538514193
2010;3;5;14C incubation;164
2010;3;5;calculated;296.4689523183856
2010;3;7;14C incubation;85
2010;3;7;calculated;135.81139068218283
2010;3;9;14C incubation;86
2010;3;9;calculated;133.63938258365545
2010;3;NA;14C incubation;31
2010;3;NA;calculated;44.57696026396669
2010;4;1;14C incubation;717.5
2010;4;3;14C incubation;1689.5
2010;4;3;calculated;2285.7910158920495
2010;4;5;14C incubation;2619
2010;4;5;calculated;3427.8585223522214
2010;4;7;14C incubation;1513
2010;4;7;calculated;2090.267559253319
2010;4;9;14C incubation;1643
2010;4;9;calculated;2225.2077090083876
2010;4;NA;14C incubation;70.75
2010;4;NA;calculated;83.75201539036883
2010;5;1;14C incubation;1093
2010;5;3;14C incubation;913
2010;5;3;calculated;1191.0421748714746
2010;5;5;14C incubation;838
2010;5;5;calculated;1059.9235930125524
2010;5;7;14C incubation;2378
2010;5;7;calculated;3288.7700622434713
2010;5;9;14C incubation;3267
2010;5;9;calculated;4414.108259306455
2010;5;NA;14C incubation;289.5
2010;5;NA;calculated;407.4509776982727
2010;6;1;14C incubation;975
2010;6;3;14C incubation;877.5
2010;6;3;calculated;1251.422967910041
2010;6;5;14C incubation;754.5
2010;6;5;calculated;1024.218975760261
2010;6;7;14C incubation;350
2010;6;7;calculated;523.2717365852233
2010;6;9;14C incubation;284
2010;6;9;calculated;422.6415960624871
2010;6;NA;14C incubation;874.25
2010;6;NA;calculated;1892.2076715481894
2010;7;1;14C incubation;1804.5
2010;7;3;14C incubation;469
2010;7;3;calculated;654.7722793529217
2010;7;5;14C incubation;544.5
2010;7;5;calculated;767.6477561832394
2010;7;7;14C incubation;172.5
2010;7;7;calculated;202.01811193457917
2010;7;9;14C incubation;229.5
2010;7;9;calculated;275.73454591413
2010;7;NA;14C incubation;287
2010;7;NA;calculated;345.0411439624063
2010;8;1;14C incubation;849
2010;8;3;14C incubation;494
2010;8;3;calculated;623.0268635605288
2010;8;5;14C incubation;353
2010;8;5;calculated;445.840126831184
2010;8;7;14C incubation;39
2010;8;7;calculated;53.42612703980847
2010;8;9;14C incubation;96
2010;8;9;calculated;150.73672679179245
2010;8;NA;14C incubation;609.5
2010;8;NA;calculated;984.3840216630764
2010;9;1;14C incubation;281
2010;9;3;14C incubation;173
2010;9;3;calculated;231.80134585937236
2010;9;5;14C incubation;161.5
2010;9;5;calculated;205.41761328148863
2010;9;7;14C incubation;80
2010;9;7;calculated;94.68913640072589
2010;9;9;14C incubation;139.5
2010;9;9;calculated;94.60567020039932
2010;9;NA;14C incubation;281.75
2010;9;NA;calculated;330.8661375726475
2010;10;1;14C incubation;345
2010;10;3;14C incubation;32
2010;10;3;calculated;42.44229085289106
2010;10;5;14C incubation;156
2010;10;5;calculated;187.2431521392375
2010;10;7;14C incubation;89
2010;10;7;calculated;112.78319935077135
2010;10;9;14C incubation;108
2010;10;9;calculated;136.90113670097438
2010;10;NA;14C incubation;78.5
2010;10;NA;calculated;94.94519652138464
2010;11;1;14C incubation;22
2010;11;3;14C incubation;26
2010;11;3;calculated;34.27343170411359
2010;11;5;14C incubation;32
2010;11;5;calculated;37.78740602917162
2010;11;7;14C incubation;64
2010;11;7;calculated;90.27584685182742
2010;11;9;calculated;71.35567199239149
2010;11;NA;14C incubation;17.5
2010;11;NA;calculated;23.583003576777617
2010;12;1;14C incubation;10
2010;12;3;14C incubation;8
2010;12;3;calculated;12.831433725939156
2010;12;5;14C incubation;7
2010;12;5;calculated;11.625444057434636
2010;12;7;14C incubation;28
2010;12;7;calculated;43.03110021302752
2010;12;9;14C incubation;18
2010;12;9;calculated;26.190430420208003
2010;12;NA;14C incubation;3.5
2010;12;NA;calculated;5.069487731626806
2011;1;1;14C incubation;5
2011;1;3;14C incubation;5
2011;1;3;calculated;7.103446020144126
2011;1;5;14C incubation;3
2011;1;5;calculated;4.594367641878704
2011;1;7;14C incubation;19
2011;1;7;calculated;20.224372473652227
2011;1;9;14C incubation;8
2011;1;9;calculated;7.89626403225988
2011;1;NA;14C incubation;7.5
2011;1;NA;calculated;5.497156686684421
2011;2;1;14C incubation;24
2011;2;3;14C incubation;31
2011;2;3;calculated;37.90298307188504
2011;2;5;14C incubation;49
2011;2;5;calculated;62.82383444940752
2011;2;7;14C incubation;8
2011;2;7;calculated;22.51994908384553
2011;2;9;14C incubation;11
2011;2;9;calculated;37.802079633775904
2011;2;NA;14C incubation;6
2011;2;NA;calculated;5.983412241339685
2011;3;1;14C incubation;50
2011;3;3;14C incubation;69
2011;3;3;calculated;77.25244247484716
2011;3;5;14C incubation;158
2011;3;5;calculated;189.93481515140547
2011;3;7;14C incubation;90.5
2011;3;7;calculated;210.35694874277175
2011;3;9;14C incubation;78
2011;3;9;calculated;127.72385076975203
2011;3;NA;14C incubation;14.75
2011;3;NA;calculated;33.444827891701685
2011;4;1;14C incubation;649
2011;4;3;14C incubation;570.5
2011;4;3;calculated;719.7749265673173
2011;4;5;14C incubation;212
2011;4;5;calculated;256.0845707840716
2011;4;7;14C incubation;2373
2011;4;7;calculated;3330.9922660574657
2011;4;9;14C incubation;1542
2011;4;9;calculated;2330.808708714878
2011;4;NA;14C incubation;44.75
2011;4;NA;calculated;55.55229913146171
2011;5;1;14C incubation;649.5
2011;5;3;14C incubation;510.5
2011;5;3;calculated;733.5506937430036
2011;5;5;14C incubation;639
2011;5;5;calculated;798.5464805958322
2011;5;7;14C incubation;169.5
2011;5;7;calculated;231.9011713298022
2011;5;9;14C incubation;271
2011;5;9;calculated;561.8259898489503
2011;5;NA;14C incubation;1134
2011;5;NA;calculated;1071.9861757717035
2011;6;1;14C incubation;231
2011;6;3;14C incubation;406.5
2011;6;3;calculated;510.547628216635
2011;6;5;14C incubation;482
2011;6;5;calculated;634.6724528390415
2011;6;7;14C incubation;147
2011;6;7;calculated;124.66223562115445
2011;6;9;14C incubation;158.5
2011;6;9;calculated;49.99533541926722
2011;6;NA;14C incubation;198.75
2011;6;NA;calculated;234.43305853713963
2011;7;1;14C incubation;2279.5
2011;7;3;14C incubation;437.5
2011;7;3;calculated;597.8087057427606
2011;7;5;14C incubation;811.5
2011;7;5;calculated;1084.989631826751
2011;7;7;14C incubation;135.5
2011;7;7;calculated;180.49101741577277
2011;7;9;14C incubation;176
2011;7;9;calculated;186.4271256108998
2011;7;NA;14C incubation;210
2011;7;NA;calculated;266.00164294437434
2011;8;1;14C incubation;91
2011;8;3;14C incubation;396
2011;8;3;calculated;332.6819200245718
2011;8;5;14C incubation;235
2011;8;5;calculated;415.7230080068331
2011;8;7;14C incubation;71
2011;8;7;calculated;97.66583713039947
2011;8;9;14C incubation;137
2011;8;9;calculated;76.24891853910582
2011;8;NA;14C incubation;224.75
2011;8;NA;calculated;288.2006827115814
2011;9;1;14C incubation;125.66666666666667
2011;9;3;14C incubation;119.33333333333333
2011;9;3;calculated;207.63950944500985
2011;9;5;14C incubation;185.33333333333334
2011;9;5;calculated;145.7051220381076
2011;9;7;14C incubation;38
2011;9;7;calculated;49.57951591626045
2011;9;9;14C incubation;60
2011;9;9;calculated;63.155540867484795
2011;9;NA;14C incubation;65.25
2011;9;NA;calculated;63.41257407252553
2011;10;1;14C incubation;26
2011;10;3;14C incubation;39
2011;10;3;calculated;107.14636719171853
2011;10;5;14C incubation;16
2011;10;5;calculated;40.925129566385834
2011;10;7;14C incubation;40
2011;10;7;calculated;55.15090450746245
2011;10;9;14C incubation;32
2011;10;9;calculated;46.084246315800016
2011;10;NA;14C incubation;29.5
2011;10;NA;calculated;44.13124815085131
2011;11;1;14C incubation;27
2011;11;3;14C incubation;23
2011;11;3;calculated;30.389347952672647
2011;11;5;14C incubation;27
2011;11;5;calculated;32.09589429566763
2011;11;7;14C incubation;16
2011;11;7;calculated;15.618079370833373
2011;11;9;14C incubation;18
2011;11;9;calculated;4.778560103678494
2011;11;NA;14C incubation;21
2011;11;NA;calculated;25.23748760016335
2011;12;1;14C incubation;6
2011;12;3;14C incubation;10
2011;12;3;calculated;15.329705900330476
2011;12;5;14C incubation;6
2011;12;5;calculated;8.852570776215407
2011;12;7;14C incubation;4
2011;12;7;calculated;4.917674282586229
2011;12;9;14C incubation;10
2011;12;9;calculated;23.443378504581908
2011;12;NA;14C incubation;8
2011;12;NA;calculated;9.102102389110104
2012;1;1;14C incubation;20
2012;1;3;14C incubation;7
2012;1;3;calculated;7.641449366642523
2012;1;5;14C incubation;19
2012;1;5;calculated;22.788281796838618
2012;1;7;14C incubation;18
2012;1;7;calculated;24.19882352776496
2012;1;9;14C incubation;20
2012;1;9;calculated;24.100805911411992
2012;1;NA;14C incubation;3.5
2012;1;NA;calculated;4.243069731909951
2012;2;1;14C incubation;11
2012;2;3;14C incubation;18
2012;2;3;calculated;21.624923780940577
2012;2;5;14C incubation;31
2012;2;5;calculated;40.81290687622727
2012;2;7;14C incubation;15
2012;2;7;calculated;19.82657876352628
2012;2;9;14C incubation;12
2012;2;9;calculated;16.30527532326229
2012;2;NA;14C incubation;4.5
2012;2;NA;calculated;3.270687303046459
2012;3;1;14C incubation;228
2012;3;3;14C incubation;140
2012;3;3;calculated;199.4690906316908
2012;3;5;14C incubation;337
2012;3;5;calculated;488.5647343076484
2012;3;7;14C incubation;75
2012;3;7;calculated;101.67884356926513
2012;3;9;14C incubation;111
2012;3;9;calculated;67.65202714467678
2012;3;NA;14C incubation;24.75
2012;3;NA;calculated;30.515594337042796
2012;4;1;14C incubation;347.5
2012;4;3;14C incubation;380.5
2012;4;3;calculated;556.0779710903992
2012;4;5;14C incubation;808
2012;4;5;calculated;1108.5860779930495
2012;4;7;14C incubation;448
2012;4;7;calculated;572.436113881367
2012;4;9;14C incubation;1016
2012;4;9;calculated;1508.8071200707177
2012;4;NA;14C incubation;90.25
2012;4;NA;calculated;102.26519413395684
2012;5;1;14C incubation;542
2012;5;3;14C incubation;697
2012;5;3;calculated;974.6710653266455
2012;5;5;14C incubation;1438
2012;5;5;calculated;2076.801970219006
2012;5;7;14C incubation;1688.5
2012;5;7;calculated;2349.2244311204277
2012;5;9;14C incubation;3015
2012;5;9;calculated;3901.619592338441
2012;5;NA;14C incubation;173.75
2012;5;NA;calculated;226.70669215472125
2012;6;1;14C incubation;293
2012;6;3;14C incubation;1360
2012;6;3;calculated;2106.7989286699685
2012;6;5;14C incubation;456
2012;6;5;calculated;641.370687172869
2012;6;7;14C incubation;95
2012;6;7;calculated;151.7213820917706
2012;6;9;14C incubation;212
2012;6;9;calculated;418.28140835726975
2012;6;NA;14C incubation;361.5
2012;6;NA;calculated;600.391679727468
2012;7;1;14C incubation;179
2012;7;3;14C incubation;112
2012;7;3;calculated;152.1030857477296
2012;7;5;14C incubation;580
2012;7;5;calculated;729.9409501941564
2012;7;7;14C incubation;250
2012;7;7;calculated;338.6032800952412
2012;7;9;14C incubation;226
2012;7;9;calculated;351.98213794117976
2012;7;NA;14C incubation;334.5
2012;7;NA;calculated;402.0969795893529
2012;8;1;14C incubation;253
2012;8;3;14C incubation;178
2012;8;3;calculated;239.36146498402434
2012;8;5;14C incubation;63.5
2012;8;5;calculated;82.57576857234545
2012;8;7;14C incubation;177.5
2012;8;7;calculated;230.74323858433576
2012;8;9;14C incubation;232.5
2012;8;9;calculated;293.82605617418375
2012;8;NA;14C incubation;110.75
2012;8;NA;calculated;145.73628568443033
2012;9;1;14C incubation;458.5
2012;9;3;14C incubation;69.5
2012;9;3;calculated;94.21828131121035
2012;9;5;14C incubation;207.5
2012;9;5;calculated;280.6678376877976
2012;9;7;14C incubation;104.5
2012;9;7;calculated;124.29942768576444
2012;9;9;14C incubation;161
2012;9;9;calculated;172.82572157318904
2012;9;NA;14C incubation;82.75
2012;9;NA;calculated;93.91993063061453
2012;10;7;14C incubation;49
2012;10;7;calculated;56.47730222717101
2012;10;9;14C incubation;62
2012;10;9;calculated;63.5482158530745
2012;10;NA;14C incubation;31.5
2012;10;NA;calculated;37.27171510676243
2012;11;1;14C incubation;17
2012;11;3;14C incubation;46
2012;11;3;calculated;67.38527462503721
2012;11;5;14C incubation;29
2012;11;5;calculated;46.9350747902809
2012;11;7;14C incubation;14
2012;11;7;calculated;23.120613689710805
2012;11;9;14C incubation;20
2012;11;9;calculated;34.63683243827498
2012;11;NA;14C incubation;9
2012;11;NA;calculated;14.006798673351252
2012;12;1;14C incubation;17
2012;12;3;14C incubation;6
2012;12;3;calculated;7.8155205620122175
2012;12;5;14C incubation;34
2012;12;5;calculated;45.82870318166336
2012;12;7;14C incubation;9
2012;12;7;calculated;12.02252651002912
2012;12;9;14C incubation;9
2012;12;9;calculated;11.281515192338462
2012;12;NA;14C incubation;3.5
2012;12;NA;calculated;5.152775358594811
2013;1;1;14C incubation;6
2013;1;3;14C incubation;7
2013;1;3;calculated;14.045576075606672
2013;1;5;14C incubation;8
2013;1;5;calculated;14.600153740539618
2013;1;7;14C incubation;8
2013;1;7;calculated;9.672396862857228
2013;1;9;14C incubation;6
2013;1;9;calculated;8.375813473743118
2013;1;NA;14C incubation;0
2013;1;NA;calculated;0.35543626061080885
2013;2;1;14C incubation;17
2013;2;3;14C incubation;9
2013;2;3;calculated;14.533603914892264
2013;2;5;14C incubation;11
2013;2;5;calculated;20.22745908873865
2013;2;7;14C incubation;14
2013;2;7;calculated;23.972666914756168
2013;2;9;14C incubation;7
2013;2;9;calculated;9.921316131904506
2013;2;NA;14C incubation;3
2013;2;NA;calculated;3.7198117425498265
2013;3;1;14C incubation;91.5
2013;3;3;14C incubation;61.5
2013;3;3;calculated;80.65727807494423
2013;3;5;14C incubation;117.5
2013;3;5;calculated;153.72577197102527
2013;3;7;14C incubation;29
2013;3;7;calculated;39.23452196040778
2013;3;9;14C incubation;25
2013;3;9;calculated;38.5259345283949
2013;3;NA;14C incubation;55.25
2013;3;NA;calculated;68.96106116808515
2013;4;1;14C incubation;466.5
2013;4;3;14C incubation;212
2013;4;3;calculated;280.972315150325
2013;4;5;14C incubation;474.5
2013;4;5;calculated;651.2337720669474
2013;4;7;14C incubation;301
2013;4;7;calculated;524.6737621688908
2013;4;9;14C incubation;274
2013;4;9;calculated;441.79469013595445
2013;4;NA;14C incubation;41.5
2013;4;NA;calculated;60.90195332566725
2013;5;1;14C incubation;373
2013;5;3;14C incubation;829.5
2013;5;3;calculated;1182.639666396745
2013;5;5;14C incubation;1100.5
2013;5;5;calculated;1819.518926191462
2013;5;7;14C incubation;879
2013;5;7;calculated;1378.5261024181284
2013;5;9;14C incubation;968.5
2013;5;9;calculated;1349.2793521632234
2013;5;NA;14C incubation;108.75
2013;5;NA;calculated;166.2560953731295
2013;6;1;14C incubation;362.5
2013;6;3;14C incubation;474
2013;6;3;calculated;596.6790659406855
2013;6;5;14C incubation;268.5
2013;6;5;calculated;316.4865763786667
2013;6;7;14C incubation;347
2013;6;7;calculated;497.3998497589111
2013;6;9;14C incubation;666.5
2013;6;9;calculated;990.9248354972834
2013;6;NA;14C incubation;565.75
2013;6;NA;calculated;501.67931461116234
2013;7;1;14C incubation;1622
2013;7;3;14C incubation;872
2013;7;3;calculated;1265.520740789611
2013;7;5;14C incubation;360
2013;7;5;calculated;460.6896999107091
2013;7;7;14C incubation;133
2013;7;7;calculated;188.34173255551065
2013;7;9;14C incubation;208.5
2013;7;9;calculated;132.06337278271067
2013;7;NA;14C incubation;538.5
2013;7;NA;calculated;819.6118059542587
2013;8;1;14C incubation;1807
2013;8;3;14C incubation;376
2013;8;3;calculated;513.7077242588123
2013;8;5;14C incubation;517
2013;8;5;calculated;691.8422478510096
2013;8;7;14C incubation;132
2013;8;7;calculated;164.6301057797215
2013;8;9;14C incubation;213
2013;8;9;calculated;272.01237930695703
2013;8;NA;14C incubation;984.75
2013;8;NA;calculated;1291.969606500783
2013;9;1;14C incubation;817
2013;9;3;14C incubation;265.5
2013;9;3;calculated;347.1623244576274
2013;9;5;14C incubation;349
2013;9;5;calculated;426.0836835386889
2013;9;7;14C incubation;143
2013;9;7;calculated;186.98458693633592
2013;9;9;14C incubation;87
2013;9;9;calculated;104.42154007739119
2013;9;NA;14C incubation;232.75
2013;9;NA;calculated;586.6236967637061
2013;10;1;14C incubation;63
2013;10;3;14C incubation;72
2013;10;3;calculated;124.37534718182758
2013;10;5;14C incubation;53
2013;10;5;calculated;77.53728020773886
2013;10;9;14C incubation;36
2013;10;9;calculated;50.952819184640646
2013;10;NA;14C incubation;38
2013;10;NA;calculated;234.97665178858037
2013;11;1;14C incubation;27
2013;11;3;14C incubation;7
2013;11;3;calculated;8.87408553147379
2013;11;5;14C incubation;11
2013;11;5;calculated;15.341311267307784
2013;11;7;14C incubation;7
2013;11;7;calculated;10.645612603039693
2013;11;9;14C incubation;10
2013;11;9;calculated;16.24713436622774
2013;11;NA;14C incubation;7
2013;11;NA;calculated;11.427038375888188
2013;12;1;14C incubation;46
2013;12;3;14C incubation;22
2013;12;3;calculated;32.87229869499715
2013;12;5;14C incubation;20
2013;12;5;calculated;28.988307925197105
2013;12;7;14C incubation;13
2013;12;7;calculated;22.586347484039287
2013;12;9;14C incubation;24
2013;12;9;calculated;35.26383485010426
2013;12;NA;14C incubation;3.75
2013;12;NA;calculated;4.341646437602737
2014;1;9;14C incubation;6
2014;1;9;calculated;9.180045074843791
2014;1;NA;14C incubation;4
2014;1;NA;calculated;7.386075804497245
2014;2;9;14C incubation;59
2014;2;9;calculated;64.98407218483791
2014;2;NA;14C incubation;21
2014;2;NA;calculated;20.679210734078264
2014;3;9;14C incubation;347
2014;3;9;calculated;377.28133065623024
2014;3;NA;14C incubation;64
2014;3;NA;calculated;46.76030307440433
2014;4;9;14C incubation;302
2014;4;9;calculated;401.0481537647362
2014;4;NA;14C incubation;261
2014;4;NA;calculated;253.01170341887345
2014;5;9;14C incubation;406.5
2014;5;9;calculated;538.9692125680831
2014;5;NA;14C incubation;229
2014;5;NA;calculated;282.2542644613272
2014;6;9;14C incubation;260.5
2014;6;9;calculated;326.08094622432293
2014;6;NA;14C incubation;149
2014;6;NA;calculated;281.47841921829865
2014;7;9;14C incubation;260
2014;7;9;calculated;244.5153355878611
2014;7;NA;14C incubation;413.5
2014;7;NA;calculated;705.0514641911761
2014;8;9;14C incubation;86
2014;8;9;calculated;97.77979797704714
2014;8;NA;14C incubation;406.5
2014;8;NA;calculated;785.9513472998896
2014;9;9;14C incubation;67.5
2014;9;9;calculated;77.91451735767612
2014;9;NA;14C incubation;207.5
2014;9;NA;calculated;372.6940073816112
2014;10;9;14C incubation;14
2014;10;9;calculated;23.229427543672067
2014;10;NA;14C incubation;16
2014;10;NA;calculated;32.11879846185891
2014;11;9;14C incubation;18
2014;11;9;calculated;23.154182293602847
2014;11;NA;14C incubation;3
2014;11;NA;calculated;5.214713760879879
2014;12;9;14C incubation;4
2014;12;9;calculated;8.232458783611913
2014;12;NA;14C incubation;3
2014;12;NA;calculated;3.6713617138136088
2015;1;9;14C incubation;2
2015;1;NA;14C incubation;2
2015;2;9;14C incubation;4
2015;2;NA;14C incubation;2.5
2015;3;9;14C incubation;12
2015;3;NA;14C incubation;11
2015;4;9;14C incubation;46
2015;4;NA;14C incubation;23.25
2015;5;9;14C incubation;56
2015;5;NA;14C incubation;26.25
2015;6;9;14C incubation;194.5
2015;6;NA;14C incubation;106.25
2015;7;9;14C incubation;368
2015;7;NA;14C incubation;149.75
2015;8;9;14C incubation;401.5
2015;8;NA;14C incubation;72.75
2015;9;9;14C incubation;303
2015;9;NA;14C incubation;42
2015;10;9;14C incubation;33
2015;10;NA;14C incubation;28
2015;11;9;14C incubation;42
2015;11;NA;14C incubation;7.5
2015;12;9;14C incubation;11
2015;12;NA;14C incubation;5
2016;1;9;14C incubation;7
2016;1;NA;14C incubation;3
2016;2;9;14C incubation;3
2016;2;NA;14C incubation;3.5
2016;3;9;14C incubation;7
2016;3;NA;14C incubation;14
2016;4;9;14C incubation;41.5
2016;4;NA;14C incubation;56.5
2016;5;1;FRRF;801.5614333333333
2016;5;3;FRRF;1649.8504
2016;5;4;FRRF;1390.8513333333333
2016;5;5;FRRF;102.50452983333334
2016;5;6;FRRF;114.8458135
2016;5;7;FRRF;126.57230000000001
2016;5;9;14C incubation;161
2016;5;9;FRRF;61.653075
2016;5;NA;14C incubation;67
2016;6;1;FRRF;73.45817
2016;6;3;FRRF;105.08424375
2016;6;4;FRRF;110.04150666666666
2016;6;5;FRRF;121.17173833333334
2016;6;6;FRRF;89.86852999999999
2016;6;7;FRRF;84.40304533333334
2016;6;9;14C incubation;134
2016;6;9;FRRF;32.4678
2016;6;NA;14C incubation;154.5
2016;7;1;FRRF;75.32507
2016;7;3;FRRF;242.32586666666666
2016;7;4;FRRF;265.34426666666667
2016;7;5;FRRF;266.94405
2016;7;6;FRRF;209.5709
2016;7;7;FRRF;395.265
2016;7;9;14C incubation;396.5
2016;7;NA;14C incubation;230
2016;8;1;FRRF;218.54521666666665
2016;8;3;FRRF;426.9502
2016;8;4;FRRF;402.72963333333337
2016;8;5;FRRF;352.54168
2016;8;6;FRRF;436.5979
2016;8;7;FRRF;715.5744
2016;8;9;14C incubation;113
2016;8;9;FRRF;686.3044
2016;8;NA;14C incubation;42.666666666666664
2016;9;1;FRRF;254.2939
2016;9;3;FRRF;530.8598625
2016;9;4;FRRF;173.46661666666665
2016;9;5;FRRF;171.3263209090909
2016;9;6;FRRF;115.87899999999999
2016;9;7;FRRF;94.3803575
2016;9;9;14C incubation;130
2016;9;9;FRRF;87.08531
2016;9;NA;14C incubation;18.5
2016;10;3;FRRF;203.800826
2016;10;4;FRRF;84.06275
2016;10;5;FRRF;52.6238925
2016;10;6;FRRF;38.16099
2016;10;7;FRRF;30.24698
2016;10;NA;14C incubation;18
2016;11;1;FRRF;8.408366
2016;11;3;FRRF;9.9449275
2016;11;4;FRRF;5.344833
2016;11;5;FRRF;7.420446200000001
2016;11;6;FRRF;11.90497
2016;11;7;FRRF;5.989937
2016;11;9;14C incubation;9
2016;11;9;FRRF;0.7810394
2016;11;NA;14C incubation;2
2016;12;9;14C incubation;4
2016;12;NA;14C incubation;1
2017;1;1;FRRF;NA
2017;1;3;FRRF;NA
2017;1;4;FRRF;NA
2017;1;5;FRRF;NA
2017;1;6;FRRF;NA
2017;1;7;FRRF;NA
2017;1;9;14C incubation;4
2017;1;9;FRRF;NA
2017;1;NA;14C incubation;0.5
2017;2;1;FRRF;NA
2017;2;3;FRRF;NA
2017;2;5;FRRF;NA
2017;2;6;FRRF;NA
2017;2;7;FRRF;NA
2017;2;9;14C incubation;8
2017;2;9;FRRF;NA
2017;2;NA;14C incubation;1
2017;3;5;FRRF;NA
2017;3;7;FRRF;NA
2017;3;9;14C incubation;26
2017;3;NA;14C incubation;9.5
2017;4;1;FRRF;NA
2017;4;3;FRRF;NA
2017;4;4;FRRF;NA
2017;4;5;FRRF;NA
2017;4;6;FRRF;NA
2017;4;7;FRRF;NA
2017;4;9;14C incubation;172
2017;4;NA;14C incubation;31.25
2017;5;1;FRRF;NA
2017;5;3;FRRF;NA
2017;5;4;FRRF;NA
2017;5;5;FRRF;NA
2017;5;6;FRRF;NA
2017;5;7;FRRF;NA
2017;5;9;14C incubation;240.5
2017;5;9;FRRF;NA
2017;5;NA;14C incubation;38.75
2017;6;1;FRRF;NA
2017;6;3;FRRF;NA
2017;6;4;FRRF;NA
2017;6;5;FRRF;NA
2017;6;6;FRRF;NA
2017;6;7;FRRF;NA
2017;6;9;14C incubation;549
2017;6;9;FRRF;NA
2017;6;NA;14C incubation;260.25
2017;7;1;FRRF;NA
2017;7;3;FRRF;NA
2017;7;4;FRRF;NA
2017;7;5;FRRF;NA
2017;7;6;FRRF;NA
2017;7;7;FRRF;NA
2017;7;9;14C incubation;167
2017;7;NA;14C incubation;76.66666666666667
2017;8;1;FRRF;NA
2017;8;3;FRRF;NA
2017;8;4;FRRF;NA
2017;8;5;FRRF;NA
2017;8;6;FRRF;NA
2017;8;7;FRRF;NA
2017;8;9;14C incubation;148.5
2017;8;NA;14C incubation;168.75
2017;9;9;14C incubation;73.5
2017;9;NA;14C incubation;40
2017;10;9;14C incubation;45
2017;10;NA;14C incubation;11
2017;11;5;FRRF;NA
2017;11;6;FRRF;NA
2017;11;7;FRRF;NA
2017;11;9;14C incubation;19
2017;11;9;FRRF;NA
2017;11;NA;14C incubation;9
2017;12;1;FRRF;NA
2017;12;3;FRRF;NA
2017;12;4;FRRF;NA
2017;12;5;FRRF;NA
2017;12;6;FRRF;NA
2017;12;7;FRRF;NA
2017;12;9;14C incubation;2
2017;12;9;FRRF;NA
2017;12;NA;14C incubation;1
2018;1;1;FRRF;NA
2018;1;3;FRRF;NA
2018;1;4;FRRF;NA
2018;1;5;FRRF;NA
2018;1;6;FRRF;NA
2018;1;7;FRRF;NA
2018;1;9;FRRF;NA
2018;2;1;FRRF;NA
2018;2;3;FRRF;NA
2018;2;4;FRRF;NA
2018;2;5;FRRF;NA
2018;2;6;FRRF;NA
2018;2;7;FRRF;NA
2018;2;9;FRRF;NA
2018;3;1;FRRF;NA
2018;8;3;FRRF;457.45754
2018;8;4;FRRF;516.3971
2018;8;5;FRRF;366.8612
2018;8;6;FRRF;177.5335
2018;8;7;FRRF;271.8938
2018;9;1;FRRF;NA
2018;9;3;FRRF;NA
2018;9;4;FRRF;NA
2018;9;5;FRRF;NA
2018;9;6;FRRF;NA
2018;9;7;FRRF;NA
2018;10;1;FRRF;NA
2018;10;3;FRRF;NA
2018;10;4;FRRF;NA
2018;10;5;FRRF;NA
2018;10;6;FRRF;NA
2018;10;7;FRRF;NA
2019;6;1;FRRF;NA
2019;6;3;FRRF;NA
2019;6;4;FRRF;NA
2019;6;5;FRRF;NA
2019;6;6;FRRF;NA
2019;6;7;FRRF;NA
2019;7;1;FRRF;NA
2019;7;3;FRRF;NA
2019;7;4;FRRF;NA
2020;4;1;FRRF;1355.0042857142857
2020;4;3;FRRF;2015.7172727272728
2020;4;4;FRRF;1425.365
2020;4;5;FRRF;151.005
2020;4;6;FRRF;77.93666666666667
2020;4;7;FRRF;75.88
2020;4;9;FRRF;6.89
2020;5;4;FRRF;515.56
2020;5;5;FRRF;464.3
2020;5;6;FRRF;339.665
2020;6;1;FRRF;643.9749999999999
2020;6;3;FRRF;578.6757142857143
2020;6;5;FRRF;636.845
2020;6;6;FRRF;495.03
2020;6;7;FRRF;335.555
2020;7;1;FRRF;628.0074999999999
2020;7;3;FRRF;867.88
2020;7;4;FRRF;849.895
2020;7;5;FRRF;494.742
2020;7;6;FRRF;277.72
2020;7;7;FRRF;328.81
2020;10;1;FRRF;68.245
2020;10;3;FRRF;50.876
2020;10;4;FRRF;38.22
2020;10;5;FRRF;69.94769230769231
2020;10;6;FRRF;38.71
2020;10;7;FRRF;51.54
2021;3;1;FRRF;85.92
2021;3;3;FRRF;86.44666666666667
2021;3;4;FRRF;56.33
2021;3;5;FRRF;34.402499999999996
2021;3;6;FRRF;18.54
2021;3;7;FRRF;12.31
2021;3;9;FRRF;10.92
2021;4;1;FRRF;150.57
2021;4;3;FRRF;644.255
2021;4;4;FRRF;722.3466666666666
2021;4;5;FRRF;270.6225
2021;4;6;FRRF;156.715
2021;4;7;FRRF;108.685
2021;5;1;FRRF;884.1320000000001
2021;5;3;FRRF;1501.1788888888889
2021;5;4;FRRF;1605.0533333333333
2021;5;5;FRRF;1193.3983333333333
2021;5;6;FRRF;648.95
2021;5;7;FRRF;423.5433333333333
2021;6;1;FRRF;830.7866666666666
2021;6;3;FRRF;732.4955555555556
2021;6;4;FRRF;540.3275
2021;6;5;FRRF;709.195
2021;6;6;FRRF;438.62
2021;7;1;FRRF;859.52
2021;7;3;FRRF;579.7266666666667
2021;7;4;FRRF;378.425
2021;7;5;FRRF;358.888
2021;7;6;FRRF;180.59
2021;7;7;FRRF;136.19
2021;8;1;FRRF;413.94
2021;8;3;FRRF;395.2633333333333
2021;8;4;FRRF;381.37
2021;8;5;FRRF;256.7125
2021;8;6;FRRF;121.12333333333333
2021;9;1;FRRF;259.826
2021;9;3;FRRF;432.2633333333333
2021;9;4;FRRF;282.988
2021;9;5;FRRF;170.845
2021;9;6;FRRF;76.37
2021;9;7;FRRF;65.96000000000001
2021;10;1;FRRF;54.31
2021;10;3;FRRF;51.91833333333333
2021;10;4;FRRF;33.93666666666667
2021;10;5;FRRF;36.915
2021;10;6;FRRF;16.13
2021;10;7;FRRF;8.855
2021;12;1;FRRF;17.91
2021;12;3;FRRF;16.5375
2021;12;4;FRRF;15.18
2021;12;5;FRRF;5.9319999999999995
2021;12;6;FRRF;3.06
2022;1;1;FRRF;9.86
2022;1;3;FRRF;10.56
2022;1;5;FRRF;6.706666666666667
2022;2;4;FRRF;24.26
2022;2;5;FRRF;22.742
2022;2;6;FRRF;19.02
2022;3;1;FRRF;139.8725
2022;3;3;FRRF;78.76
2022;3;4;FRRF;69.27250000000001
2022;3;5;FRRF;47.973333333333336
2022;3;6;FRRF;29
2022;3;7;FRRF;18.313333333333333
2022;3;9;FRRF;12.53
2022;4;1;FRRF;1017.4033333333333
2022;4;5;FRRF;208.01222222222222
2022;4;6;FRRF;84.82
2022;4;7;FRRF;66.56
2022;4;9;FRRF;33.37
2022;5;1;FRRF;310.35400000000004
2022;5;3;FRRF;394.628
2022;5;4;FRRF;326.445
2022;5;5;FRRF;334.9871428571428
2022;5;6;FRRF;177.555
2022;5;7;FRRF;119.185
2022;5;9;FRRF;22.084999999999997
2022;6;1;FRRF;404.73
2022;6;3;FRRF;579.0666666666667
2022;6;4;FRRF;488.02
2022;6;5;FRRF;997.13
2022;6;6;FRRF;420.3
2022;6;7;FRRF;385.83
2022;7;1;FRRF;559.9133333333333
2022;7;3;FRRF;600.31875
2022;7;4;FRRF;673.9575
2022;7;5;FRRF;322.79545454545456
2022;7;6;FRRF;158.54500000000002
2022;7;7;FRRF;136.855
2022;8;1;FRRF;484.95545454545453
2022;8;3;FRRF;665.3441666666666
2022;8;4;FRRF;456.34
2022;8;5;FRRF;380.843125
2022;8;6;FRRF;187.79000000000002
2022;8;7;FRRF;183.415
2022;9;1;FRRF;141.54
2022;9;3;FRRF;215.82999999999998
2022;9;4;FRRF;114.26666666666667
2022;9;5;FRRF;73.42999999999999
2022;9;6;FRRF;27.865
2022;9;7;FRRF;35.52
2022;10;1;FRRF;76.005
2022;10;3;FRRF;91.27333333333334
2022;10;4;FRRF;70
2022;10;5;FRRF;23.16166666666667
2022;10;6;FRRF;12.69
2022;10;7;FRRF;8.48
2022;11;1;FRRF;28.15
2022;11;3;FRRF;30.6125
2022;11;4;FRRF;24.67
2022;11;5;FRRF;14.434999999999999
2022;11;6;FRRF;11.31
2022;11;7;FRRF;7.7
2022;12;1;FRRF;11.01
2022;12;3;FRRF;18.97
2022;12;4;FRRF;8.403333333333332
2022;12;5;FRRF;2.13
2022;12;6;FRRF;0
2022;12;7;FRRF;0
2023;1;1;FRRF;18.63
2023;1;3;FRRF;40.33
2023;1;4;FRRF;30.46333333333333
2023;1;5;FRRF;17.22875
2023;1;6;FRRF;11.542499999999999
2023;1;7;FRRF;19.09
2023;1;9;FRRF;17.126666666666665
2023;2;1;FRRF;240.79500000000002
2023;2;3;FRRF;107.735
2023;2;4;FRRF;73.07
2023;3;4;FRRF;113.3
2023;3;5;FRRF;48.88142857142857
2023;3;6;FRRF;30.91
2023;3;7;FRRF;30.775
2023;3;9;FRRF;16.12142857142857
2023;4;1;FRRF;76.412
2023;4;3;FRRF;104.76666666666667
2023;4;4;FRRF;99.6925
2023;4;5;FRRF;92.79666666666667
2023;4;6;FRRF;51.89
2023;4;7;FRRF;76.46
2023;4;9;FRRF;35.84111111111111
2023;5;5;FRRF;168.6125
2023;5;6;FRRF;54.8
2023;5;7;FRRF;68.47
2023;5;9;FRRF;35.93125
2023;6;1;FRRF;228.885
2023;6;3;FRRF;320.598
2023;6;4;FRRF;243.04000000000002
2023;6;5;FRRF;471.22666666666663
2023;6;6;FRRF;474.7
2023;6;7;FRRF;320.78999999999996
2023;6;9;FRRF;233
2023;7;3;FRRF;491.5425
2023;7;4;FRRF;510.84833333333336
2023;7;5;FRRF;450.8016666666667
2023;7;6;FRRF;339.95
2023;7;7;FRRF;244.89749999999998
2023;7;9;FRRF;148.35888888888888
2023;8;1;FRRF;298.05333333333334
2023;8;3;FRRF;317.23333333333335
2023;8;4;FRRF;368.292
2023;8;5;FRRF;297.78222222222223
2023;8;6;FRRF;216.4775
2023;8;7;FRRF;183.2925
2023;8;9;FRRF;91.00636363636363
2023;9;1;FRRF;242.3
2023;9;3;FRRF;267.22
2023;9;4;FRRF;222.55
2023;9;5;FRRF;138.61333333333332
2023;10;5;FRRF;71.4
2023;11;4;FRRF;26.18
2023;11;5;FRRF;21.226
2023;11;6;FRRF;11.77
2023;11;7;FRRF;15.165
2023;11;9;FRRF;11.83
2024;1;1;FRRF;19.009999999999998
2024;1;3;FRRF;21.91
2024;1;4;FRRF;20.82
2024;1;5;FRRF;6.663333333333333
2024;1;6;FRRF;5.91
2024;1;7;FRRF;6.05
2024;1;9;FRRF;4.074999999999999
2024;2;1;FRRF;20.725
2024;2;3;FRRF;18.28
2024;2;4;FRRF;21.953333333333333
2024;2;5;FRRF;42.036
2024;2;6;FRRF;33.42
2024;3;1;FRRF;171.9075
2024;3;3;FRRF;56.43666666666667
2024;3;4;FRRF;54.42666666666667
2024;3;5;FRRF;35.281666666666666
2024;3;6;FRRF;18.08
2024;3;7;FRRF;15.39
2024;3;9;FRRF;13.137142857142857
2024;4;1;FRRF;761.9966666666667
2024;4;3;FRRF;211.97
2024;4;4;FRRF;148.885
2024;4;5;FRRF;31.490000000000002
2024;4;6;FRRF;15.56
2024;4;7;FRRF;13.83
2024;4;9;FRRF;17.34
2024;5;3;FRRF;64.1325
2024;5;5;FRRF;56.6
2024;5;6;FRRF;30.84
2024;5;7;FRRF;24.33
2024;5;9;FRRF;11.75
2024;6;1;FRRF;265.328
2024;6;3;FRRF;312.1
2024;6;4;FRRF;322.49
2024;6;5;FRRF;64.628
2024;6;6;FRRF;29.21
2024;6;7;FRRF;24.49
2024;7;1;FRRF;509.00333333333333
2024;7;3;FRRF;530.7042857142857
2024;7;4;FRRF;656.9325
2024;7;5;FRRF;395.7185714285714
2024;7;6;FRRF;201.33499999999998
2024;7;7;FRRF;170.14
2024;7;9;FRRF;146.9025
2024;8;1;FRRF;210.405
2024;8;3;FRRF;210.66750000000002
2024;8;4;FRRF;194.43
2024;8;5;FRRF;304.825
2024;8;6;FRRF;172.5
2024;8;7;FRRF;122.43
2024;9;1;FRRF;307.7257142857143
2024;9;3;FRRF;195.996
2024;9;4;FRRF;232.33
2024;9;5;FRRF;101.94500000000001
2024;9;6;FRRF;55.805
2024;9;7;FRRF;42.93666666666667
2024;9;9;FRRF;28.916249999999998
2024;10;1;FRRF;172.2825
2024;10;3;FRRF;109.184
2024;10;4;FRRF;87.28333333333333
2024;10;5;FRRF;32.04538461538461
2024;10;6;FRRF;19.285
2024;10;7;FRRF;9.933333333333334
2024;10;9;FRRF;4.225
2024;11;1;FRRF;13.5025
2024;11;3;FRRF;18.006666666666668
2024;11;4;FRRF;12.059999999999999
2024;11;5;FRRF;10.42
2024;11;6;FRRF;9.02
2024;11;7;FRRF;5.63
2024;12;1;FRRF;15.786
2024;12;3;FRRF;11.656
2024;12;4;FRRF;8.08
2024;12;5;FRRF;3.6466666666666665
2024;12;6;FRRF;1.81
2024;12;7;FRRF;1.6600000000000001
