CompCode,POINT_X,POINT_Y
,,
0,77983.484,371449.458
,,
0,77458.653,371384.5336
,,
0,77206.4745,371353.3383
,,
0,77206.2659,371353.3124
,,
0,76687.8192,371289.1795
,,
0,76694.9527,371616.1326
,,
0,76649.4941,371766.8638
,,
0,76472.4447,372006.1197
,,
0,76306.1618,372164.0287
,,
0,76270.2734,372181.9729
,,
0,76240.3665,372174.7952
,,
0,76028.625,372069.5226
,,
0,76001.1105,372069.5226
,,
0,75794.1541,372293.2269
,,
0,75557.8889,372557.6047
,,
0,75455.0089,372629.3814
,,
0,75170.2943,372932.0402
,,
0,75187.0422,372989.4616
,,
0,75109.284,372983.4802
,,
0,74673.2401,373454.8144
,,
0,74546.6891,373635.7705
,,
0,74688.6061,373819.6153
,,
0,74810.7661,373972.6071
,,
0,75205.0589,374307.4256
,,
0,75933.5156,374925.2679
,,
0,75936.0588,374927.4249
,,
0,75953.1679,374943.1704
,,
0,75979.0965,374863.0274
,,
0,76008.5608,374766.3844
,,
0,76060.418,374639.0984
,,
0,76078.0966,374554.2412
,,
0,76056.5835,374408.9605
,,
0,76097.8586,374393.0855
,,
0,76491.5594,374225.6039
,,
0,77347.6205,373872.3844
,,
0,77980.6373,373641.4027
,,
0,77977.4623,373592.1901
,,
0,77771.0869,373570.7588
,,
0,77746.4806,373523.9275
,,
0,77746.4806,373477.0961
,,
0,77949.681,373403.2772
,,
0,77946.506,373343.7459
,,
0,77742.5119,373322.3146
,,
0,77409.93,373356.4459
,,
0,77264.6734,373435.0273
,,
0,77245.6234,373421.5335
,,
0,77443.2675,372932.5825
,,
0,77727.4306,372218.9999
,,
0,77825.062,372150.7372
,,
0,77896.4997,372111.8434
,,
0,77925.8685,371961.0306
,,
0,77959.206,371694.3301
,,
0,77983.484,371449.458
,,
1,34682.0804,386207.4301
,,
1,34929.0803,386183.4301
,,
1,34988.0802,386135.43
,,
1,35107.0801,386067.4301
,,
1,35405.08,385894.4302
,,
1,35431.0799,385864.4302
,,
1,35470.0799,385713.4302
,,
1,35505.4653,385700.652
,,
1,35530.8016,385723.2731
,,
1,35530.4071,385728.7419
,,
1,35532.2871,385728.186
,,
1,35532.0798,385729.4302
,,
1,35977.0797,385598.4302
,,
1,35984.0797,385568.4302
,,
1,36022.2973,385567.4747
,,
1,36160.7694,385740.0905
,,
1,36223.7573,385778.2784
,,
1,36229.418,385779.7454
,,
1,36233.374,385780.7706
,,
1,36308.0796,385800.4299
,,
1,36378.0796,385802.4299
,,
1,36481.0794,385752.4298
,,
1,36745.0793,385553.4298
,,
1,36964.0791,385393.4301
,,
1,37232.079,385190.43
,,
1,37433.0788,385006.4301
,,
1,37653.0787,384794.4302
,,
1,37931.0784,384538.4303
,,
1,38157.0783,384319.4304
,,
1,38384.0781,384103.4305
,,
1,38427.078,384042.4305
,,
1,38564.078,383896.4307
,,
1,38560.078,383854.4306
,,
1,38557.6027,383854.5337
,,
1,38557.5196,383853.7682
,,
1,38510.3673,383855.4241
,,
1,38438.2619,383857.986
,,
1,38412.9838,383855.3969
,,
1,38307.0781,383817.4308
,,
1,38242.8074,383794.7469
,,
1,38222.1508,383787.3394
,,
1,38292.0781,383699.4308
,,
1,38438.0779,383720.4308
,,
1,38564.9307,383770.5817
,,
1,38581.9848,383803.1435
,,
1,38583.5884,383802.5092
,,
1,38584.078,383803.4307
,,
1,38662.0779,383773.4306
,,
1,38945.0777,383449.4309
,,
1,38938.0776,383402.4309
,,
1,38881.0776,383365.431
,,
1,38713.0778,383269.431
,,
1,38496.2177,383087.3883
,,
1,38686.5753,383215.4887
,,
1,38851.6211,383308.9587
,,
1,38851.4904,383307.9727
,,
1,38854.0777,383309.4309
,,
1,38842.0777,383220.431
,,
1,38672.0776,383035.4312
,,
1,38632.1273,382938.552
,,
1,38646.0245,382939.9209
,,
1,38733.8776,382949.303
,,
1,38753.1436,382967.5521
,,
1,38767.6394,382988.1772
,,
1,38814.9084,383055.4587
,,
1,38825.584,383072.8651
,,
1,38907.3409,383173.2093
,,
1,38978.7583,383234.991
,,
1,39005.1994,383265.46
,,
1,38994.8907,383291.9599
,,
1,38981.5623,383326.241
,,
1,38984.1352,383326.2802
,,
1,38984.0776,383326.4308
,,
1,39020.0776,383327.4309
,,
1,39072.0775,383279.4309
,,
1,39190.0773,382826.4312
,,
1,39312.0771,382364.4316
,,
1,39328.0771,382307.4315
,,
1,39314.0771,382269.4316
,,
1,39393.077,381964.4318
,,
1,39422.077,381963.4319
,,
1,39436.0769,381917.4319
,,
1,39685.0768,381746.4318
,,
1,39963.0766,381573.4319
,,
1,39961.6861,381571.9533
,,
1,38909.1924,380452.8095
,,
1,38908.7747,380454.6111
,,
1,38859.2462,380668.264
,,
1,37593.2474,382397.2631
,,
1,37355.2474,382445.2632
,,
1,37354.8783,382444.4641
,,
1,37354.4707,382443.5817
,,
1,37349.6672,382444.5428
,,
1,36768.0778,381185.4334
,,
1,37033.0774,380139.4341
,,
1,37115.0773,379743.4343
,,
1,37309.0768,378801.4349
,,
1,37486.0766,378281.4352
,,
1,37483.251,378282.2713
,,
1,37483.8444,378280.5193
,,
1,36504.0523,378570.3837
,,
1,36229.4739,378652.8067
,,
1,32902.2983,379651.5588
,,
1,30082.1489,380498.1117
,,
1,28229.4624,381400.0646
,,
1,28229.448,383219.4684
,,
1,28229.4415,384048.6863
,,
1,28229.4287,385673.9654
,,
1,28232.083,385670.5053
,,
1,28232.083,385674.4328
,,
1,28255.083,385644.4327
,,
1,28270.0831,385630.4327
,,
1,28287.083,385615.4327
,,
1,28324.083,385577.4329
,,
1,28380.0831,385531.4329
,,
1,28451.0829,385460.4328
,,
1,28506.0828,385408.4329
,,
1,28513.0829,385387.4329
,,
1,28540.0829,385314.4329
,,
1,28567.0827,385245.433
,,
1,28591.0827,385175.433
,,
1,28607.0827,385127.4331
,,
1,28624.0827,385081.4332
,,
1,28642.0826,385050.4331
,,
1,28670.0827,385031.433
,,
1,28741.0826,385011.4331
,,
1,28826.0826,384988.433
,,
1,28878.0826,384973.4331
,,
1,28919.0825,384960.4331
,,
1,28962.0825,384933.4332
,,
1,29015.0825,384898.4332
,,
1,29045.0824,384866.4331
,,
1,29057.9305,384812.0757
,,
1,29072.0396,384816.861
,,
1,29076.0824,384818.4332
,,
1,29133.7082,384836.0542
,,
1,29194.8167,384855.0053
,,
1,29111.7219,384989.4108
,,
1,29114.2646,384990.1369
,,
1,29114.0825,384990.4331
,,
1,29198.889,385014.3044
,,
1,29247.1922,385028.0992
,,
1,29310.5512,385046.4389
,,
1,29348.0822,385057.4328
,,
1,29381.0825,385035.4329
,,
1,29441.0822,384980.4329
,,
1,29499.0498,384951.4491
,,
1,29508.188,385028.0388
,,
1,29521.0916,385031.2289
,,
1,29573.0822,385044.4328
,,
1,29628.0822,385057.4328
,,
1,29683.0822,385069.4327
,,
1,29781.8127,385086.6032
,,
1,29818.4332,385093.1662
,,
1,29996.3252,385129.1362
,,
1,29996.6567,385129.1426
,,
1,29998.082,385129.4325
,,
1,30068.0822,385131.4325
,,
1,30168.082,385114.4326
,,
1,30233.0821,385089.4326
,,
1,30280.082,385059.4325
,,
1,30343.0819,384986.4325
,,
1,30390.0004,384970.4602
,,
1,30436.607,384992.0775
,,
1,30487.1163,385042.5778
,,
1,30555.1123,385043.2033
,,
1,30555.725,385042.8461
,,
1,30557.0818,385043.4325
,,
1,30633.0817,384999.4325
,,
1,30683.0817,384962.4325
,,
1,30753.0817,384939.4325
,,
1,30802.458,384938.4643
,,
1,31071.3644,385176.6447
,,
1,31071.839,385176.328
,,
1,31073.0817,385177.4322
,,
1,31372.0815,384977.4322
,,
1,31433.0814,384975.4322
,,
1,31657.6531,385020.1091
,,
1,31998.5983,385088.2459
,,
1,32020.5325,385092.6273
,,
1,32052.0813,385099.4319
,,
1,32063.397,385047.2049
,,
1,32069.5061,385126.7152
,,
1,32071.6503,385122.0148
,,
1,32072.0812,385127.432
,,
1,32106.0812,385051.4319
,,
1,32349.3908,385033.4828
,,
1,32512.5524,385136.8437
,,
1,32540.3001,385145.4177
,,
1,32575.0809,385156.4317
,,
1,32763.0809,385075.4316
,,
1,32920.0809,385095.4316
,,
1,32978.0807,385069.4316
,,
1,33425.9562,385238.4863
,,
1,33535.0148,385279.7267
,,
1,33594.8261,385419.6019
,,
1,33635.6304,385460.7896
,,
1,33643.1595,385726.1644
,,
1,33742.307,385829.1025
,,
1,33743.9147,385829.2582
,,
1,33744.0807,385829.4307
,,
1,33810.8554,385836.4071
,,
1,33875.0644,385860.9473
,,
1,34036.6961,385975.4172
,,
1,34037.985,385975.6528
,,
1,34039.0806,385976.4306
,,
1,34094.556,385986.1631
,,
1,34141.464,386001.7081
,,
1,34197.0805,386020.4305
,,
1,34286.0806,386001.4305
,,
1,34263.0806,385963.4305
,,
1,34334.0806,385915.4305
,,
1,34365.0805,385919.4305
,,
1,34409.2477,385879.6799
,,
1,34377.1139,385934.1387
,,
1,34652.2953,386174.1717
,,
1,34680.2404,386207.3283
,,
1,34681.8587,386207.1688
,,
1,34682.0804,386207.4301
,,
2,37483.8444,378280.5193
,,
2,37630.7873,377846.6992
,,
2,37969.5422,377307.7805
,,
2,38754.8345,376445.5118
,,
2,39580.9539,375898.4965
,,
2,39894.2746,375691.0311
,,
2,40972.121,375259.9021
,,
2,41714.4733,374980.3573
,,
2,41511.6119,374452.6309
,,
2,41503.9572,374456.4598
,,
2,41485.0979,374461.0846
,,
2,41448.6721,374462.4594
,,
2,41420.3284,374464.3967
,,
2,41384.3245,374466.3026
,,
2,41378.4026,374466.8338
,,
2,41353.7699,374469.2711
,,
2,41317.5082,374473.5208
,,
2,41266.9027,374476.0517
,,
2,41224.2934,374478.3951
,,
2,41182.4848,374478.9573
,,
2,41142.6958,374480.082
,,
2,41085.8599,374484.8315
,,
2,41072.7935,374484.8938
,,
2,41025.1099,374485.1122
,,
2,40966.696,374485.2993
,,
2,40927.9421,374489.5803
,,
2,40879.9383,374493.3299
,,
2,40831.7899,374496.642
,,
2,40785.7704,374500.8917
,,
2,40753.5437,374503.5476
,,
2,40745.9657,374502.4225
,,
2,40714.6962,374503.3911
,,
2,40674.1259,374505.0157
,,
2,40637.0752,374507.8904
,,
2,40589.6962,374512.9212
,,
2,40584.2119,374513.1087
,,
2,40547.0869,374514.3584
,,
2,40510.1768,374518.6394
,,
2,40475.3721,374519.6704
,,
2,40433.8331,374525.2637
,,
2,40406.2199,374526.0761
,,
2,40368.2277,374527.5132
,,
2,40332.8644,374529.3568
,,
2,40295.3802,374533.0127
,,
2,40255.1926,374534.1373
,,
2,40199.4192,374540.2931
,,
2,40152.3176,374543.5428
,,
2,40102.3958,374547.0736
,,
2,40038.31,374552.2919
,,
2,39989.6772,374556.6351
,,
2,39928.6578,374559.666
,,
2,39878.3491,374561.8532
,,
2,39839.228,374566.259
,,
2,39811.6344,374567.5714
,,
2,39786.3413,374568.6649
,,
2,39755.2282,374568.7584
,,
2,39719.7438,374571.5706
,,
2,39674.7711,374575.7889
,,
2,39626.6385,374577.7574
,,
2,39585.0916,374580.6007
,,
2,39550.0915,374585.3817
,,
2,39528.9743,374588.2878
,,
2,39493.8416,374590.475
,,
2,39454.2088,374592.631
,,
2,39448.0642,374593.3497
,,
2,39437.0604,374594.6308
,,
2,39413.994,374597.3181
,,
2,39384.4628,374601.2241
,,
2,39367.2088,374603.5053
,,
2,39319.1074,374601.9112
,,
2,39279.6269,374600.4421
,,
2,39273.0606,374600.0983
,,
2,39254.8183,374600.4731
,,
2,39245.0566,374600.5355
,,
2,39217.6778,374600.7229
,,
2,39178.4904,374596.1288
,,
2,39147.0647,374597.9097
,,
2,39122.8147,374597.097
,,
2,39083.7874,374595.378
,,
2,39044.8813,374594.5653
,,
2,39018.0141,374592.0026
,,
2,38981.1313,374590.846
,,
2,38950.7447,374588.877
,,
2,38917.7603,374584.7829
,,
2,38882.1433,374581.1576
,,
2,38874.9167,374582.1889
,,
2,38830.5574,374579.3448
,,
2,38815.073,374581.9696
,,
2,38788.2136,374584.9382
,,
2,38754.7605,374591.1254
,,
2,38713.8073,374604.7501
,,
2,38668.4596,374623.7497
,,
2,38604.8226,374666.3429
,,
2,38577.4592,374688.2177
,,
2,38545.0567,374718.2799
,,
2,38515.5095,374758.7171
,,
2,38488.724,374811.9981
,,
2,38461.54,374868.9352
,,
2,38442.4108,374917.6225
,,
2,38419.5275,374971.6223
,,
2,38397.2146,375023.4658
,,
2,38369.4563,375089.4343
,,
2,38353.0498,375130.5903
,,
2,38330.3306,375180.5901
,,
2,38306.7209,375227.9024
,,
2,38293.2793,375260.5584
,,
2,38275.7673,375298.3708
,,
2,38260.7007,375320.7768
,,
2,38253.2748,375333.3392
,,
2,38246.2787,375341.4642
,,
2,38234.5755,375357.7453
,,
2,38216.9425,375379.1515
,,
2,38208.501,375387.12
,,
2,38200.3135,375394.8701
,,
2,38189.5165,375405.0887
,,
2,38168.4539,375425.0885
,,
2,38142.9264,375447.932
,,
2,38119.3871,375469.4631
,,
2,38096.1761,375487.2754
,,
2,38087.6878,375493.8065
,,
2,38068.7151,375505.7125
,,
2,38050.2033,375517.3062
,,
2,38014.6876,375538.0247
,,
2,37973.5039,375553.2117
,,
2,37933.9101,375576.2427
,,
2,37895.0467,375597.2423
,,
2,37839.8199,375627.9294
,,
2,37792.9056,375658.6164
,,
2,37752.378,375691.3036
,,
2,37710.995,375733.4906
,,
2,37669.1627,375772.2091
,,
2,37627.1859,375810.4899
,,
2,37582.8263,375850.9896
,,
2,37548.6191,375881.3642
,,
2,37538.7558,375890.8329
,,
2,37530.3963,375898.8327
,,
2,37500.3219,375926.5512
,,
2,37474.517,375951.2073
,,
2,37449.8607,375975.3008
,,
2,37431.9504,375991.0819
,,
2,37428.2473,375994.9256
,,
2,37397.6768,376026.7379
,,
2,37370.0594,376051.5188
,,
2,37339.2193,376079.331
,,
2,37318.0863,376100.9559
,,
2,37306.9184,376112.2058
,,
2,37296.0784,376122.2994
,,
2,37276.6173,376138.6743
,,
2,37256.004,376157.4866
,,
2,37242.3437,376168.799
,,
2,37233.3984,376177.6426
,,
2,37226.8163,376184.1738
,,
2,37209.535,376202.1736
,,
2,37199.7146,376212.1111
,,
2,37185.5934,376226.4235
,,
2,37163.308,376246.7982
,,
2,37143.9485,376263.548
,,
2,37124.8196,376280.6104
,,
2,37106.8351,376296.7977
,,
2,37102.2531,376300.9226
,,
2,37098.0734,376305.6726
,,
2,37082.9326,376319.6412
,,
2,37078.124,376324.8599
,,
2,37068.7333,376335.0473
,,
2,37056.6081,376351.7035
,,
2,37045.0222,376367.0159
,,
2,37041.4752,376374.2346
,,
2,37036.2642,376384.8283
,,
2,37033.8266,376391.8907
,,
2,37030.4828,376401.547
,,
2,37029.342,376421.5469
,,
2,37030.3966,376436.2969
,,
2,37031.7754,376447.0782
,,
2,37032.6816,376454.1407
,,
2,37032.4042,376462.7657
,,
2,37032.1424,376474.2031
,,
2,37024.7087,376493.8905
,,
2,37011.5366,376514.2967
,,
2,37002.9818,376522.6716
,,
2,36990.6264,376530.6715
,,
2,36977.1889,376532.1401
,,
2,36962.7396,376538.39
,,
2,36947.0912,376543.6399
,,
2,36936.5794,376546.1085
,,
2,36927.7748,376545.3272
,,
2,36915.2279,376550.3584
,,
2,36909.7553,376550.6084
,,
2,36901.7943,376552.952
,,
2,36891.0677,376555.3894
,,
2,36885.1615,376558.2644
,,
2,36879.3958,376566.2643
,,
2,36876.9972,376580.9518
,,
2,36878.0517,376604.0143
,,
2,36879.4773,376624.2017
,,
2,36881.1257,376643.7955
,,
2,36883.0551,376668.0767
,,
2,36883.2347,376681.6079
,,
2,36883.9533,376692.8891
,,
2,36890.1642,376704.4517
,,
2,36891.7617,376720.6392
,,
2,36890.1482,376739.4516
,,
2,36888.6482,376748.6703
,,
2,36887.8005,376753.858
,,
2,36876.1168,376773.4202
,,
2,36856.2376,376802.2012
,,
2,36841.1085,376837.4199
,,
2,36819.1943,376870.2635
,,
2,36800.7839,376898.0445
,,
2,36786.065,376920.8569
,,
2,36781.5024,376931.6693
,,
2,36768.9631,376958.8567
,,
2,36749.9239,376984.1065
,,
2,36731.865,377018.2938
,,
2,36718.5563,377042.825
,,
2,36702.5873,377069.5748
,,
2,36690.9154,377088.7309
,,
2,36678.8487,377114.3557
,,
2,36666.6025,377135.6682
,,
2,36653.7664,377151.2305
,,
2,36637.5788,377165.2303
,,
2,36602.575,377170.1988
,,
2,36587.9539,377174.8863
,,
2,36535.3288,377184.2295
,,
2,36508.7819,377189.698
,,
2,36449.1531,377200.3851
,,
2,36404.6178,377203.8534
,,
2,36348.2117,377216.1343
,,
2,36290.989,377225.9776
,,
2,36247.9889,377232.9772
,,
2,36228.3585,377237.7392
,,
2,36192.2116,377246.508
,,
2,36134.1491,377256.2263
,,
2,36070.6335,377266.6945
,,
2,36018.6217,377275.8504
,,
2,35976.2662,377284.6625
,,
2,35916.7232,377297.037
,,
2,35853.2233,377309.8802
,,
2,35808.235,377316.3799
,,
2,35765.6334,377323.3796
,,
2,35698.6139,377335.9103
,,
2,35623.2271,377350.5658
,,
2,35557.7935,377366.0028
,,
2,35473.7974,377381.6585
,,
2,35082.352,377448.999
,,
2,35006.1724,377464.3733
,,
2,34589.0198,377548.5575
,,
2,34410.7815,377575.5248
,,
2,34340.4261,377586.1804
,,
2,34148.4691,377615.2413
,,
2,33999.3675,377640.3651
,,
2,33945.1293,377647.0523
,,
2,33861.5863,377668.8641
,,
2,33821.2424,377680.5512
,,
2,33719.9925,377703.1129
,,
2,33609.7776,377719.5183
,,
2,33492.0588,377743.3298
,,
2,33419.2463,377761.5792
,,
2,33416.8635,377751.3916
,,
2,32918.1213,377843.6064
,,
2,32915.6057,377830.9188
,,
2,32853.426,377842.887
,,
2,32714.928,377867.6046
,,
2,32468.8635,377911.759
,,
2,32435.715,377919.2586
,,
2,32420.0626,377924.8211
,,
2,32405.7345,377928.5397
,,
2,32379.8243,377940.0081
,,
2,32319.4121,377958.5702
,,
2,32140.9061,378016.8499
,,
2,31913.5971,378088.2231
,,
2,31810.3412,378129.1597
,,
2,31785.7962,378141.972
,,
2,31757.2687,378159.753
,,
2,31718.4717,378182.5651
,,
2,31682.4149,378208.9399
,,
2,31655.2351,378226.7209
,,
2,31641.8679,378235.3769
,,
2,31612.0103,378254.5329
,,
2,31133.2818,378588.5913
,,
2,31097.1644,378610.0285
,,
2,31085.5979,378619.122
,,
2,31057.5158,378636.4344
,,
2,31043.2033,378641.5279
,,
2,30973.1562,378679.9024
,,
2,30857.027,378733.1201
,,
2,30601.9248,378857.4305
,,
2,30581.3369,378865.2116
,,
2,30630.7892,378959.5555
,,
2,30603.1446,378962.2115
,,
2,30585.3402,378936.149
,,
2,30553.2703,378889.18
,,
2,29993.1842,379020.9255
,,
2,29924.0297,379032.7061
,,
2,29790.8266,379060.705
,,
2,29719.805,379079.4545
,,
2,29705.2367,379086.5168
,,
2,29669.1175,379100.6727
,,
2,29621.6524,379130.7661
,,
2,29570.3788,379160.8594
,,
2,29503.5092,379242.4838
,,
2,29421.4557,379334.983
,,
2,29283.861,379489.9817
,,
2,29192.9833,379594.5746
,,
2,29145.1802,379652.1053
,,
2,29110.3342,379694.0426
,,
2,28999.8646,379815.9166
,,
2,28889.5161,379947.8529
,,
2,28867.9652,379967.6965
,,
2,28706.1098,379981.8515
,,
2,28627.9451,380073.8508
,,
2,28598.8374,380107.5067
,,
2,28595.7611,380125.9129
,,
2,28595.5184,380198.3191
,,
2,28599.1445,380296.6628
,,
2,28494.9427,380388.0681
,,
2,28438.7022,380439.13
,,
2,28438.8972,380475.3488
,,
2,28422.4421,380485.5674
,,
2,28368.7635,380598.848
,,
2,28341.2283,380615.5353
,,
2,28321.5057,380608.6601
,,
2,28292.7755,380580.2225
,,
2,28239.7351,380518.8783
,,
2,28229.4695,380509.4721
,,
2,28229.4624,381400.0646
,,
2,30082.1489,380498.1117
,,
2,32902.2983,379651.5588
,,
2,36229.4739,378652.8067
,,
2,36504.0523,378570.3837
,,
2,37483.8444,378280.5193
,,
3,37355.2474,382445.2632
,,
3,37593.2474,382397.2631
,,
3,38859.2462,380668.264
,,
3,38908.7747,380454.6111
,,
3,38909.1924,380452.8095
,,
3,39961.6861,381571.9533
,,
3,39963.0766,381573.4319
,,
3,39992.0765,381554.4319
,,
3,40042.0766,381526.432
,,
3,40132.0765,381524.4318
,,
3,40361.0764,381536.4318
,,
3,40495.0764,381536.4318
,,
3,40662.9456,381537.425
,,
3,40720.6445,381546.3507
,,
3,40757.9405,381639.6634
,,
3,40792.5224,381655.5386
,,
3,40853.9908,381682.9454
,,
3,41032.0797,381767.2592
,,
3,41169.0713,381826.9164
,,
3,41365.6487,381881.0429
,,
3,41367.5431,381881.2849
,,
3,41368.0762,381881.4311
,,
3,41454.076,381892.4312
,,
3,41505.0761,381877.4311
,,
3,41536.076,381856.4312
,,
3,41525.0759,381791.4313
,,
3,41551.076,381784.4311
,,
3,41588.076,381787.4312
,,
3,41628.0759,381799.4311
,,
3,41819.0758,381655.4312
,,
3,42107.0756,381437.4313
,,
3,42135.0756,381408.4314
,,
3,42075.0757,381329.4314
,,
3,42091.9044,381318.2121
,,
3,42162.4874,381400.3937
,,
3,42164.924,381400.2566
,,
3,42165.0756,381400.4313
,,
3,42335.0755,381391.4312
,,
3,42668.0753,381377.4312
,,
3,42894.0753,381369.431
,,
3,42956.0751,381350.4311
,,
3,42987.0752,381318.4311
,,
3,43011.0751,381270.4311
,,
3,43011.0751,381214.4311
,,
3,42938.0751,381052.4313
,,
3,42865.0751,380881.4315
,,
3,42860.075,380829.4315
,,
3,42893.0751,380794.4315
,,
3,43051.075,380705.4316
,,
3,43357.0748,380525.4315
,,
3,43411.0747,380490.4316
,,
3,43564.0746,380372.4316
,,
3,43734.0745,380246.4317
,,
3,43827.0744,380177.4318
,,
3,43861.0743,380043.4317
,,
3,43889.0744,379993.4318
,,
3,43935.0744,379956.4318
,,
3,43998.0743,379923.4318
,,
3,44164.0742,379809.4318
,,
3,44231.0741,379761.4319
,,
3,44285.0741,379724.4319
,,
3,44417.074,379631.4318
,,
3,44521.074,379497.4319
,,
3,44547.074,379464.4319
,,
3,44650.0739,379388.4319
,,
3,44702.0738,379332.432
,,
3,44843.0737,379172.432
,,
3,45060.0736,378932.4323
,,
3,45075.0735,378909.4322
,,
3,45086.0734,378885.4322
,,
3,45169.0734,378806.4322
,,
3,45295.0734,378670.4323
,,
3,45370.0732,378579.4324
,,
3,45404.0732,378561.4323
,,
3,45447.8241,378558.4495
,,
3,45471.9132,378562.0445
,,
3,45613.0731,378583.4324
,,
3,45688.0732,378571.4323
,,
3,45711.0023,378485.697
,,
3,45725.8848,378495.0505
,,
3,45722.3961,378546.5817
,,
3,45724.1124,378546.9206
,,
3,45724.073,378547.4322
,,
3,45747.1671,378551.4737
,,
3,45761.4819,378554.3007
,,
3,45761.1825,378559.6183
,,
3,45757.9853,378616.3943
,,
3,45883.4105,378669.7703
,,
3,45931.7892,378689.8956
,,
3,45988.2655,378713.1148
,,
3,46018.921,378723.6136
,,
3,46024.073,378725.432
,,
3,46044.1701,378731.6384
,,
3,46089.6753,378745.9594
,,
3,46170.4718,378772.2411
,,
3,46250.3036,378797.9918
,,
3,46343.225,378827.8675
,,
3,46424.8068,378853.9618
,,
3,46489.9901,378875.8061
,,
3,46495.6748,378877.5812
,,
3,46539.0729,378891.4318
,,
3,46550.5902,378895.1875
,,
3,46582.7164,378906.338
,,
3,46618.9833,378917.9921
,,
3,46629.0728,378921.4317
,,
3,46646.1669,378926.8041
,,
3,46696.7081,378943.2451
,,
3,46748.3004,378958.5786
,,
3,46777.0728,378967.4316
,,
3,46814.4678,378978.9093
,,
3,46875.9262,378998.2152
,,
3,46941.6082,379021.1904
,,
3,46945.0726,379022.4314
,,
3,46983.3197,379034.6009
,,
3,47008.5116,379042.6849
,,
3,47010.5271,379043.2577
,,
3,47011.0727,379043.4314
,,
3,47080.6841,379063.3204
,,
3,47096.2072,379068.7916
,,
3,47129.0727,379080.4314
,,
3,47139.7899,379083.6789
,,
3,47159.6986,379089.9674
,,
3,47197.2045,379103.0428
,,
3,47201.0725,379104.4313
,,
3,47250.0725,379119.4313
,,
3,47278.3698,379128.2452
,,
3,47308.8933,379137.906
,,
3,47366.5258,379156.3751
,,
3,47417.9163,379172.3755
,,
3,47474.1348,379190.9384
,,
3,47533.2011,379208.0326
,,
3,47567.6853,379219.7517
,,
3,47601.6109,379230.7831
,,
3,47630.3652,379240.8694
,,
3,47643.0724,379245.4311
,,
3,47650.5724,379247.306
,,
3,47653.1693,379248.0336
,,
3,47660.8059,379250.1898
,,
3,47677.3723,379255.1899
,,
3,47690.2825,379259.815
,,
3,47691.3666,379260.1595
,,
3,47692.0724,379260.431
,,
3,47695.5747,379261.497
,,
3,47712.9972,379267.034
,,
3,47741.3486,379276.4091
,,
3,47770.3304,379285.0388
,,
3,47781.0725,379288.431
,,
3,47791.875,379290.9239
,,
3,47804.8054,379294.2534
,,
3,47830.7546,379296.441
,,
3,47832.4968,379296.3867
,,
3,47833.0724,379296.431
,,
3,47859.0724,379296.431
,,
3,47888.0723,379296.4309
,,
3,47926.0723,379291.431
,,
3,47956.0724,379288.4309
,,
3,47988.0724,379284.431
,,
3,48011.0724,379278.4309
,,
3,48039.0723,379272.431
,,
3,48067.0723,379267.4309
,,
3,48078.0723,379264.4309
,,
3,48081.0722,379257.4309
,,
3,48084.0724,379241.4309
,,
3,48089.0722,379226.4308
,,
3,48098.0723,379215.4311
,,
3,48111.0723,379208.4309
,,
3,48131.0722,379203.4309
,,
3,48149.0723,379200.4309
,,
3,48164.487,379199.4674
,,
3,48169.169,379202.1314
,,
3,48174.126,379208.1627
,,
3,48181.4541,379215.8815
,,
3,48182.7171,379215.0757
,,
3,48184.0723,379216.4309
,,
3,48188.0722,379213.4309
,,
3,48198.0723,379206.4309
,,
3,48215.0723,379194.4308
,,
3,48235.0722,379181.431
,,
3,48261.0722,379162.431
,,
3,48283.0722,379147.431
,,
3,48289.0722,379143.4309
,,
3,48297.0722,379138.4309
,,
3,48318.0721,379129.4309
,,
3,48338.0721,379123.431
,,
3,48366.0721,379118.4309
,,
3,48408.0721,379115.431
,,
3,48443.072,379114.4309
,,
3,48475.072,379112.4308
,,
3,48508.072,379114.4309
,,
3,48537.0721,379113.4309
,,
3,48554.0721,379114.4308
,,
3,48559.3094,379114.4308
,,
3,48566.4269,379116.1972
,,
3,48571.6553,379117.506
,,
3,48577.0278,379119.1177
,,
3,48581.5481,379121.1348
,,
3,48586.548,379123.3847
,,
3,48593.0909,379126.3224
,,
3,48603.7432,379131.8537
,,
3,48605.3008,379132.0102
,,
3,48606.072,379132.4309
,,
3,48612.0721,379133.4308
,,
3,48619.3662,379136.1661
,,
3,48630.1923,379141.6351
,,
3,48636.0712,379144.8539
,,
3,48642.9735,379148.5728
,,
3,48644.8796,379149.321
,,
3,48645.072,379149.4308
,,
3,48646.2647,379149.8646
,,
3,48654.2,379152.9791
,,
3,48660.8328,379155.4166
,,
3,48670.2585,379158.1043
,,
3,48681.2467,379163.5418
,,
3,48686.6139,379166.5105
,,
3,48698.4107,379174.9794
,,
3,48709.0082,379183.6045
,,
3,48713.3715,379186.7607
,,
3,48718.9379,379192.3233
,,
3,48726.1058,379197.0733
,,
3,48732.2034,379201.1045
,,
3,48739.9807,379208.0734
,,
3,48747.5783,379213.5735
,,
3,48753.3713,379217.761
,,
3,48757.1681,379223.9485
,,
3,48761.8243,379230.4798
,,
3,48766.2617,379240.0736
,,
3,48769.3671,379244.6049
,,
3,48771.7537,379252.4173
,,
3,48774.3826,379259.5111
,,
3,48776.7614,379266.8236
,,
3,48779.1286,379273.1361
,,
3,48782.3005,379282.7612
,,
3,48784.3902,379287.2924
,,
3,48787.0229,379294.6049
,,
3,48790.1596,379301.6674
,,
3,48794.3588,379312.2925
,,
3,48795.9836,379320.1362
,,
3,48797.8352,379325.9488
,,
3,48800.9914,379334.5425
,,
3,48804.378,379341.1049
,,
3,48809.042,379348.3862
,,
3,48810.9091,379355.48
,,
3,48813.2724,379361.5425
,,
3,48818.2293,379371.8863
,,
3,48821.4362,379384.2614
,,
3,48823.0495,379391.1052
,,
3,48824.3775,379395.9175
,,
3,48825.4946,379403.5112
,,
3,48827.8462,379408.7925
,,
3,48830.5219,379419.4176
,,
3,48833.436,379423.5427
,,
3,48838.1194,379437.6051
,,
3,48842.2951,379446.4489
,,
3,48846.4591,379454.5114
,,
3,48856.4785,379463.5115
,,
3,48861.9043,379470.7928
,,
3,48868.8457,379477.5428
,,
3,48875.7909,379484.8242
,,
3,48883.7634,379492.5741
,,
3,48888.1267,379496.3243
,,
3,48894.279,379501.0743
,,
3,48899.1696,379506.3243
,,
3,48905.0797,379511.5743
,,
3,48909.1851,379515.0743
,,
3,48917.1303,379520.8244
,,
3,48921.9975,379524.2932
,,
3,48929.1811,379530.2932
,,
3,48937.3881,379536.5434
,,
3,48943.0208,379540.2621
,,
3,48954.1263,379544.4809
,,
3,48960.0208,379549.1684
,,
3,48965.3254,379552.356
,,
3,48972.423,379556.6373
,,
3,48982.2979,379563.1998
,,
3,48988.2588,379567.1687
,,
3,49003.536,379575.7
,,
3,49004.9775,379580.8251
,,
3,49018.2626,379587.4814
,,
3,49022.8914,379592.0127
,,
3,49029.0397,379596.2315
,,
3,49035.1882,379600.7315
,,
3,49041.5983,379605.4503
,,
3,49046.4615,379608.7003
,,
3,49055.4381,379615.6691
,,
3,49063.8482,379618.3567
,,
3,49071.0238,379623.5755
,,
3,49078.4536,379628.5756
,,
3,49085.3597,379632.7944
,,
3,49092.5237,379637.0131
,,
3,49106.8596,379646.2007
,,
3,49120.1564,379653.8883
,,
3,49134.7539,379663.6072
,,
3,49144.2383,379670.826
,,
3,49153.7226,379677.826
,,
3,49170.3358,379686.4825
,,
3,49183.9138,379696.2013
,,
3,49200.8121,379707.1389
,,
3,49215.6753,379717.8577
,,
3,49228.9917,379727.0766
,,
3,49246.4251,379740.2955
,,
3,49256.9562,379749.5456
,,
3,49270.2764,379759.0144
,,
3,49286.3779,379767.4207
,,
3,49299.6864,379775.6083
,,
3,49310.1825,379782.3272
,,
3,49318.1238,379788.046
,,
3,49326.1433,379799.6398
,,
3,49335.4206,379810.4211
,,
3,49341.4477,379824.7962
,,
3,49350.475,379835.8587
,,
3,49361.0217,379846.64
,,
3,49371.5725,379857.6401
,,
3,49393.1308,379875.6403
,,
3,49404.3418,379879.0465
,,
3,49414.2792,379881.9528
,,
3,49435.1542,379886.2344
,,
3,49458.2713,379887.4532
,,
3,49477.3572,379891.2659
,,
3,49493.6423,379894.0785
,,
3,49510.154,379894.8911
,,
3,49521.3414,379896.2661
,,
3,49532.2868,379898.6413
,,
3,49539.3922,379898.5475
,,
3,49548.7516,379895.8914
,,
3,49564.2046,379893.3915
,,
3,49576.0992,379890.4541
,,
3,49585.2203,379889.048
,,
3,49590.5328,379887.7043
,,
3,49599.4312,379888.8606
,,
3,49610.6344,379891.2356
,,
3,49622.5679,379891.5795
,,
3,49635.0405,379893.9546
,,
3,49648.021,379896.8298
,,
3,49655.1538,379898.5172
,,
3,49662.2631,379898.6736
,,
3,49669.8374,379895.5174
,,
3,49679.4389,379892.1112
,,
3,49693.3218,379885.8301
,,
3,49698.0718,379880.1739
,,
3,49701.5016,379870.7363
,,
3,49704.7243,379864.6115
,,
3,49708.1853,379857.4552
,,
3,49713.3963,379847.9865
,,
3,49719.9158,379841.7991
,,
3,49724.1659,379836.9241
,,
3,49729.4315,379831.768
,,
3,49735.2167,379827.6429
,,
3,49742.7831,379823.7368
,,
3,49749.0957,379821.1118
,,
3,49755.4238,379819.7369
,,
3,49765.8223,379818.8308
,,
3,49777.205,379815.8934
,,
3,49785.0528,379814.0184
,,
3,49797.7207,379812.331
,,
3,49814.9707,379811.3311
,,
3,49828.8925,379808.1125
,,
3,49843.0722,379805.3626
,,
3,49853.1933,379802.7064
,,
3,49863.0723,379801.0502
,,
3,49876.2676,379800.6129
,,
3,49896.7558,379794.7381
,,
3,49920.5566,379790.1132
,,
3,49934.7441,379787.8945
,,
3,49950.1933,379785.1447
,,
3,49961.0839,379783.2073
,,
3,49986.4199,379779.3325
,,
3,50015.0255,379773.114
,,
3,50026.9122,379769.6453
,,
3,50039.8535,379769.2079
,,
3,50052.998,379764.9893
,,
3,50065.1582,379763.0519
,,
3,50073.0332,379763.427
,,
3,50083.6778,379762.0208
,,
3,50090.7676,379760.6459
,,
3,50101.6738,379759.7396
,,
3,50118.2206,379763.3337
,,
3,50129.7049,379768.0212
,,
3,50142.9588,379772.1463
,,
3,50151.3572,379773.8026
,,
3,50162.8104,379776.1777
,,
3,50172.5056,379779.8653
,,
3,50183.4548,379782.5216
,,
3,50193.8961,379784.9279
,,
3,50205.3493,379787.3031
,,
3,50212.4743,379788.4593
,,
3,50217.5445,379788.1469
,,
3,50221.5251,379781.7406
,,
3,50227.7829,379775.0531
,,
3,50229.2048,379767.1783
,,
3,50232.8534,379754.6782
,,
3,50238.5605,379744.4595
,,
3,50242.0058,379736.0221
,,
3,50249.2481,379726.8034
,,
3,50259.5334,379717.2722
,,
3,50265.2755,379709.8348
,,
3,50271.2327,379699.3349
,,
3,50282.7289,379685.4912
,,
3,50286.2094,379679.585
,,
3,50296.4946,379670.3039
,,
3,50302.4517,379659.8352
,,
3,50310.3932,379645.5228
,,
3,50316.8699,379636.0229
,,
3,50323.0731,379625.0228
,,
3,50332.327,379614.2417
,,
3,50338.0186,379602.7419
,,
3,50352.0304,379587.0856
,,
3,50361.0812,379580.3357
,,
3,50374.1906,379573.3358
,,
3,50383.2687,379568.3672
,,
3,50392.0969,379564.1798
,,
3,50402.2179,379561.5236
,,
3,50408.5422,379559.8987
,,
3,50414.1087,379558.305
,,
3,50429.2688,379552.7737
,,
3,50444.1789,379547.4927
,,
3,50462.6087,379539.649
,,
3,50479.7806,379532.8055
,,
3,50499.2337,379525.4307
,,
3,50510.3471,379520.962
,,
3,50532.1166,379516.3684
,,
3,50551.8706,379512.5561
,,
3,50568.2808,379505.7125
,,
3,50590.5074,379496.8064
,,
3,50622.1402,379489.2755
,,
3,50645.6753,379483.6194
,,
3,50669.4059,379473.1508
,,
3,50688.8669,379466.5259
,,
3,50715.6403,379456.2762
,,
3,50757.9059,379446.0577
,,
3,50782.1482,379436.3392
,,
3,50805.7107,379432.7144
,,
3,50832.3044,379428.0584
,,
3,50851.7966,379423.7148
,,
3,50880.7262,379422.8401
,,
3,50905.0154,379416.6528
,,
3,50928.0427,379410.7779
,,
3,50941.4373,379406.278
,,
3,50974.3279,379397.7158
,,
3,50991.1874,379386.0598
,,
3,51013.3593,379373.0599
,,
3,51022.6484,379365.0913
,,
3,51033.1758,379354.7789
,,
3,51045.9845,379343.9352
,,
3,51056.0549,379337.4665
,,
3,51063.8401,379331.0291
,,
3,51072.9103,379325.5604
,,
3,51081.3636,379323.6542
,,
3,51088.3479,379322.0606
,,
3,51095.9807,379323.2169
,,
3,51111.6173,379334.9358
,,
3,51116.2618,379340.7171
,,
3,51122.2344,379351.0608
,,
3,51127.4412,379361.1233
,,
3,51142.117,379377.1859
,,
3,51152.0622,379380.5923
,,
3,51160.7497,379385.061
,,
3,51173.984,379387.6549
,,
3,51187.98,379390.28
,,
3,51203.2379,379392.3426
,,
3,51211.8862,379393.4989
,,
3,51231.0111,379400.0929
,,
3,51248.8275,379403.6554
,,
3,51354.463,379242.2634
,,
3,51354.5,379242.2067
,,
3,51357.0709,379242.4297
,,
3,51634.0705,378817.4301
,,
3,51646.0702,377537.4311
,,
3,51075.8985,376247.307
,,
3,51075.0699,376245.4321
,,
3,52041.0698,376877.4313
,,
3,52229.4664,377000.7274
,,
3,52232.0698,377002.4313
,,
3,52232.0698,376998.8794
,,
3,52232.0694,375508.544
,,
3,52232.0693,375507.4324
,,
3,52237.2385,375509.9332
,,
3,52237.2385,375507.2636
,,
3,52219.2384,375499.2636
,,
3,52203.2386,375492.2635
,,
3,52007.2385,375395.2637
,,
3,51949.2385,375370.2636
,,
3,51860.2386,375325.2637
,,
3,51770.2386,375277.2638
,,
3,51687.2387,375185.264
,,
3,51632.2387,375083.264
,,
3,51618.2386,375059.264
,,
3,51604.2386,375036.264
,,
3,51554.2386,375002.2641
,,
3,51436.2386,374942.2642
,,
3,51287.2388,374871.2643
,,
3,51177.2388,374814.2643
,,
3,51116.2388,374787.2645
,,
3,51075.2387,374751.2643
,,
3,51034.2388,374698.2646
,,
3,50942.2388,374544.2646
,,
3,50930.2388,374524.2647
,,
3,50892.2388,374466.2647
,,
3,50842.2387,374399.2647
,,
3,50791.2388,374357.2649
,,
3,50735.2388,374323.2649
,,
3,50660.2389,374302.265
,,
3,50434.2389,374251.2651
,,
3,50387.2388,374241.265
,,
3,50387.2602,374242.1244
,,
3,50380.0686,374240.4989
,,
3,50382.7863,374362.4364
,,
3,50420.5976,374364.2449
,,
3,50429.1819,374364.8047
,,
3,50429.3175,374384.9678
,,
3,50388.6847,374389.0614
,,
3,50372.9735,374415.2175
,,
3,50354.0486,374415.8078
,,
3,50344.2391,374392.265
,,
3,50345.239,374289.265
,,
3,50341.2389,374239.2651
,,
3,50325.2389,374221.2652
,,
3,50283.2389,374216.2651
,,
3,50240.239,374210.2651
,,
3,50125.239,374188.2652
,,
3,50005.2391,374166.2652
,,
3,49820.2392,374130.2654
,,
3,49692.2392,374102.2655
,,
3,49651.2392,374056.2655
,,
3,49627.2392,373979.2656
,,
3,49621.2392,373938.2655
,,
3,49603.2391,373800.2657
,,
3,49594.2392,373759.2658
,,
3,49570.239,373640.2658
,,
3,49564.2391,373609.2658
,,
3,49549.239,373595.2659
,,
3,49527.239,373585.2659
,,
3,49472.2391,373562.2658
,,
3,49408.2392,373532.2659
,,
3,49357.2392,373501.2659
,,
3,49319.2391,373477.2661
,,
3,49302.2392,373446.2661
,,
3,49286.2391,373417.2661
,,
3,49283.2392,373411.2661
,,
3,49258.2392,373359.2662
,,
3,49228.2392,373295.2662
,,
3,49213.2392,373274.2662
,,
3,49195.2392,373249.2662
,,
3,49134.2392,373122.2663
,,
3,49087.2391,373009.2665
,,
3,49003.2391,372997.2665
,,
3,48772.2392,372988.2665
,,
3,48755.5017,372988.0283
,,
3,48490.626,372984.0548
,,
3,48436.2393,372965.2667
,,
3,48410.2394,372919.2668
,,
3,48402.7669,372918.8836
,,
3,48402.7184,372918.7976
,,
3,48384.2591,372917.9345
,,
3,48371.2393,372917.2668
,,
3,48371.2039,372917.324
,,
3,48363.949,372916.9847
,,
3,48338.0697,372959.3906
,,
3,48273.5736,372973.9527
,,
3,47983.2576,372966.7317
,,
3,47883.0363,372962.6784
,,
3,47733.2398,372956.267
,,
3,47729.9105,372956.4856
,,
3,47725.9024,372956.3234
,,
3,47330.1607,372982.1952
,,
3,47278.8206,373021.2886
,,
3,47189.6679,373075.694
,,
3,47081.0232,373106.3181
,,
3,46956.449,373134.0672
,,
3,46893.9646,373154.3166
,,
3,46879.8589,373181.254
,,
3,46876.3894,373267.7225
,,
3,46864.4908,373285.1913
,,
3,46835.592,373327.5658
,,
3,46814.5686,373337.1281
,,
3,46783.3869,373351.3035
,,
3,46762.7428,373360.6883
,,
3,46749.2403,373359.267
,,
3,46628.2403,373346.267
,,
3,46626.9267,373346.8914
,,
3,46620.6859,373346.2203
,,
3,46560.4202,373375.2824
,,
3,46527.5451,373391.157
,,
3,46510.9432,373454.3757
,,
3,46500.3529,373504.3755
,,
3,46478.2544,373608.7189
,,
3,46460.5466,373715.1248
,,
3,46459.8822,373747.5312
,,
3,46429.7807,373758.9996
,,
3,46361.2413,373804.0303
,,
3,46338.1953,373832.6445
,,
3,46304.2407,373808.2668
,,
3,46029.2407,373533.2671
,,
3,46025.3995,373536.0183
,,
3,46022.2049,373532.8092
,,
3,45947.6264,373585.6835
,,
3,45904.6183,373629.0582
,,
3,45866.215,373749.214
,,
3,45833.1315,373776.7136
,,
3,45822.2408,373764.267
,,
3,45816.1592,373765.703
,,
3,45814.9689,373764.3074
,,
3,45671.4337,373798.0561
,,
3,45671.8359,373813.2124
,,
3,45647.9725,373827.6184
,,
3,45501.8623,373823.5622
,,
3,45492.2411,373823.267
,,
3,45491.2316,373823.2671
,,
3,45484.7032,373823.0858
,,
3,45416.6049,373822.6309
,,
3,45409.241,373815.267
,,
3,45403.3989,373816.4396
,,
3,45402.1252,373815.2102
,,
3,45117.9416,373872.0517
,,
3,45123.8282,373880.083
,,
3,45109.0312,373903.864
,,
3,45100.6881,373903.4895
,,
3,45036.2412,373900.267
,,
3,45035.8029,373900.5768
,,
3,45028.961,373900.2697
,,
3,44964.0925,373945.3245
,,
3,44975.2412,373914.2671
,,
3,44966.9756,373915.3111
,,
3,44967.6134,373913.5191
,,
3,44872.8438,373926.0497
,,
3,44754.2853,373945.8924
,,
3,44646.3712,373964.3603
,,
3,44569.4063,373977.5471
,,
3,44539.3986,373980.8282
,,
3,44443.3048,373991.3586
,,
3,44384.0274,374013.4519
,,
3,44330.281,374059.5451
,,
3,44288.464,374132.7635
,,
3,44264.1484,374161.0263
,,
3,44244.2416,374152.2672
,,
3,44247.2417,374124.2673
,,
3,44237.2417,374110.2673
,,
3,44231.7285,374112.6195
,,
3,44229.5016,374109.6989
,,
3,44155.2962,374142.2625
,,
3,44030.0654,374203.0426
,,
3,43904.0648,374290.5415
,,
3,43875.7052,374336.1975
,,
3,43890.8495,374365.135
,,
3,43743.3523,374526.0712
,,
3,43677.1917,374587.6643
,,
3,43635.5588,374602.4139
,,
3,43384.9145,374611.5996
,,
3,43306.7737,374643.5675
,,
3,43192.6137,374650.7854
,,
3,43120.2856,374652.941
,,
3,43075.2076,374654.2845
,,
3,43020.8295,374679.0041
,,
3,42961.2424,374667.2673
,,
3,42924.2425,374659.2672
,,
3,42919.5638,374659.7795
,,
3,42916.5554,374659.1896
,,
3,42779.7859,374674.0322
,,
3,42725.8172,374679.9066
,,
3,42678.2782,374682.8126
,,
3,42546.3251,374690.9365
,,
3,42464.1846,374693.4671
,,
3,42448.6084,374693.9552
,,
3,42384.2427,374662.2674
,,
3,42374.2427,374651.2674
,,
3,41542.243,374437.2678
,,
3,41540.8874,374438.3107
,,
3,41535.4027,374436.8976
,,
3,41522.0745,374447.3975
,,
3,41511.6119,374452.6309
,,
3,41714.4733,374980.3573
,,
3,40972.121,375259.9021
,,
3,39894.2746,375691.0311
,,
3,39580.9539,375898.4965
,,
3,38754.8345,376445.5118
,,
3,37969.5422,377307.7805
,,
3,37630.7873,377846.6992
,,
3,37483.8444,378280.5193
,,
3,37483.251,378282.2713
,,
3,37486.0766,378281.4352
,,
3,37309.0768,378801.4349
,,
3,37115.0773,379743.4343
,,
3,37033.0774,380139.4341
,,
3,36768.0778,381185.4334
,,
3,37349.6672,382444.5428
,,
3,37354.4707,382443.5817
,,
3,37354.8783,382444.4641
,,
3,37355.2474,382445.2632
,,
4,56878.0708,386876.422
,,
4,56944.0709,386860.422
,,
4,57068.0708,386741.4219
,,
4,57097.0707,386632.4221
,,
4,57118.0708,386618.4222
,,
4,57193.0708,386603.4221
,,
4,57285.0706,386587.4222
,,
4,57353.0706,386487.4222
,,
4,57404.0705,386402.4222
,,
4,57423.0705,386346.4223
,,
4,57463.0704,386235.4223
,,
4,57497.0704,386169.4225
,,
4,57596.0703,386001.4225
,,
4,57658.0702,385905.4225
,,
4,57691.0702,385866.4226
,,
4,57729.4034,385856.5935
,,
4,57761.8072,385867.0424
,,
4,57774.4633,385885.48
,,
4,57775.4578,385883.1902
,,
4,57777.0702,385885.4226
,,
4,57791.0703,385853.4224
,,
4,57843.0701,385827.4225
,,
4,57941.07,385768.4225
,,
4,58024.07,385700.4225
,,
4,58158.0699,385564.4227
,,
4,58274.0699,385448.4227
,,
4,58330.0698,385386.4226
,,
4,58366.0698,385351.4228
,,
4,58377.0698,385340.4227
,,
4,58376.1088,385339.2179
,,
4,58386.0059,385329.7981
,,
4,58432.526,385260.0173
,,
4,58473.9914,385178.2053
,,
4,58492.4956,385139.4866
,,
4,58637.5314,385031.8318
,,
4,58703.6644,384992.5823
,,
4,58774.8404,384969.864
,,
4,58822.6534,384888.6771
,,
4,58834.806,384850.6148
,,
4,58776.0454,384722.8333
,,
4,58760.0029,384672.2081
,,
4,58760.0031,384642.4894
,,
4,58858.6995,384481.8654
,,
4,58900.4809,384462.0845
,,
4,58865.305,384485.7092
,,
4,58854.7463,384503.9903
,,
4,58802.3784,384594.6148
,,
4,58772.3897,384656.8019
,,
4,58804.604,384731.1459
,,
4,58830.5057,384788.3649
,,
4,58916.865,384789.803
,,
4,58984.1853,384787.3972
,,
4,59009.7404,384719.4913
,,
4,59042.2996,384644.6166
,,
4,59057.7456,384557.0231
,,
4,59059.8752,384460.492
,,
4,59056.9347,384358.2734
,,
4,59057.0287,384317.6172
,,
4,59081.2047,384297.9924
,,
4,59100.2201,384313.2425
,,
4,59101.5479,384348.43
,,
4,59168.634,384326.243
,,
4,59212.3604,384327.6497
,,
4,59429.771,384245.7764
,,
4,59439.4195,384232.9016
,,
4,59456.3922,384221.3079
,,
4,59471.5602,384221.1206
,,
4,59494.8101,384222.9645
,,
4,59527.8803,384236.9648
,,
4,59554.6224,384254.2774
,,
4,59573.0285,384269.7775
,,
4,59597.747,384286.059
,,
4,59616.6806,384294.2154
,,
4,59630.3133,384300.0591
,,
4,59645.2273,384300.6219
,,
4,59659.8992,384297.1219
,,
4,59700.6297,384287.3723
,,
4,59717.575,384284.6224
,,
4,59750.4474,384275.4941
,,
4,59051.3858,383254.1879
,,
4,58079.9552,383090.7106
,,
4,58080.0692,383090.4247
,,
4,58078.7093,383089.0668
,,
4,57432.0693,382443.4253
,,
4,57027.0693,381860.4258
,,
4,56802.0692,381366.4264
,,
4,56682.2039,380608.2798
,,
4,56682.0691,380607.4268
,,
4,56647.069,380580.4271
,,
4,56645.6375,380580.3963
,,
4,56645.4167,380580.2279
,,
4,56638.381,380554.5175
,,
4,56640.0689,380554.4271
,,
4,56526.069,380380.4272
,,
4,56404.0689,380202.4274
,,
4,56294.069,380023.4276
,,
4,56191.0689,379865.4278
,,
4,56100.069,379718.4277
,,
4,56078.0689,379684.4279
,,
4,56077.3628,379685.3371
,,
4,56076.2645,379683.6308
,,
4,56066.0219,379667.6946
,,
4,56067.069,379666.4279
,,
4,56049.069,379615.428
,,
4,56041.0689,379561.428
,,
4,56041.0689,379450.4281
,,
4,56042.0688,379245.4282
,,
4,56048.0689,379049.4284
,,
4,56051.0688,378945.4284
,,
4,56053.0687,378855.4286
,,
4,56058.0687,378757.4286
,,
4,56062.0686,378709.4286
,,
4,56089.0687,378655.4285
,,
4,56151.0685,378506.4289
,,
4,56230.0685,378337.429
,,
4,56239.0684,378295.4288
,,
4,56216.0683,378259.4288
,,
4,56129.0685,378166.429
,,
4,56006.0684,378037.4292
,,
4,55892.0686,377909.4294
,,
4,55863.0684,377873.4294
,,
4,55849.0684,377843.4294
,,
4,55850.0684,377716.4296
,,
4,55842.0684,377565.4296
,,
4,55835.0684,377396.4297
,,
4,55824.0683,377220.4299
,,
4,55789.0683,377179.4299
,,
4,55744.0683,377124.4299
,,
4,55729.0683,377105.43
,,
4,55684.0683,377012.43
,,
4,55591.0682,376821.4303
,,
4,55562.0682,376756.4303
,,
4,55578.0683,376657.4303
,,
4,55592.0681,376511.4304
,,
4,55582.0682,376455.4305
,,
4,55544.0681,376319.4307
,,
4,55509.0681,376159.4307
,,
4,55493.068,376106.4307
,,
4,55469.0681,376086.4308
,,
4,55467.6919,376086.4308
,,
4,55466.6452,376085.5681
,,
4,55419.0203,376086.0989
,,
4,55265.325,376094.0352
,,
4,55107.1807,376103.8776
,,
4,54743.2749,376122.2185
,,
4,54557.8218,376132.6546
,,
4,54455.1888,376131.1754
,,
4,54370.0686,376106.4312
,,
4,54285.0685,376046.4312
,,
4,54227.0686,375948.4313
,,
4,54203.0686,375907.4315
,,
4,54173.4978,375896.753
,,
4,54165.3008,375893.7143
,,
4,53932.7577,375947.8686
,,
4,53760.0822,375925.9298
,,
4,53653.9506,375913.3104
,,
4,53556.0689,375901.4316
,,
4,53528.0308,375897.3427
,,
4,53506.1648,375893.8966
,,
4,53389.8932,375875.6138
,,
4,53351.0689,375869.4317
,,
4,53346.9235,375868.8395
,,
4,53321.2435,375864.6139
,,
4,53247.7905,375852.5196
,,
4,53129.9549,375827.8624
,,
4,53114.9264,375824.7176
,,
4,53072.0691,375815.4318
,,
4,52964.8806,375789.742
,,
4,52948.5415,375785.7673
,,
4,52875.2292,375767.9542
,,
4,52874.4507,375767.7773
,,
4,52857.0691,375763.4319
,,
4,52680.0691,375723.4321
,,
4,52664.069,375716.432
,,
4,52237.2385,375509.9332
,,
4,52232.0693,375507.4324
,,
4,52232.0694,375508.544
,,
4,52232.0698,376998.8794
,,
4,52232.0698,377002.4313
,,
4,52229.4664,377000.7274
,,
4,52041.0698,376877.4313
,,
4,51075.0699,376245.4321
,,
4,51075.8985,376247.307
,,
4,51646.0702,377537.4311
,,
4,51634.0705,378817.4301
,,
4,51357.0709,379242.4297
,,
4,51354.5,379242.2067
,,
4,51354.463,379242.2634
,,
4,51248.8275,379403.6554
,,
4,51251.1928,379404.2437
,,
4,51251.0711,379404.4298
,,
4,51255.5134,379405.3182
,,
4,51258.5033,379406.0618
,,
4,51275.0579,379410.1557
,,
4,51294.9211,379414.9684
,,
4,51311.8434,379418.9056
,,
4,51331.0709,379423.4297
,,
4,51340.2629,379425.5509
,,
4,51354.503,379428.9063
,,
4,51357.0709,379429.4299
,,
4,51386.0654,379435.344
,,
4,51402.8475,379439.8079
,,
4,51415.0708,379443.4296
,,
4,51428.4006,379447.5664
,,
4,51442.1316,379452.0945
,,
4,51463.8072,379459.6572
,,
4,51464.2038,379459.7507
,,
4,51466.0709,379460.4296
,,
4,51488.0708,379465.4295
,,
4,51504.0709,379469.4295
,,
4,51551.8616,379481.8552
,,
4,51578.0095,379548.8766
,,
4,51627.8874,379674.0956
,,
4,51670.8279,379778.3146
,,
4,51722.6277,379895.2524
,,
4,51744.1195,379937.2212
,,
4,51749.7286,379984.2211
,,
4,51782.0681,380003.3464
,,
4,51801.0602,380030.034
,,
4,51801.6223,380061.1591
,,
4,51776.1377,380096.6588
,,
4,51801.2382,380226.9087
,,
4,51825.6785,380367.2838
,,
4,51838.8733,380427.6589
,,
4,51855.9552,380455.0027
,,
4,51889.5329,380488.7217
,,
4,51918.689,380512.253
,,
4,51931.1255,380549.8686
,,
4,51933.8253,380558.0344
,,
4,51949.5435,380625.3783
,,
4,51965.9847,380655.8783
,,
4,51967.7029,380655.7153
,,
4,51968.0711,380656.4286
,,
4,52004.616,380652.6804
,,
4,52016.0271,380709.3161
,,
4,52018.0328,380709.2306
,,
4,52018.071,380709.4285
,,
4,52071.5538,380707.5518
,,
4,52005.8083,380734.6911
,,
4,52053.1352,380863.0662
,,
4,52103.0171,380987.0039
,,
4,52104.6934,380986.4914
,,
4,52105.0711,380987.4282
,,
4,52152.6672,380973.1494
,,
4,52153.81,380990.9106
,,
4,52113.7669,381006.7228
,,
4,52110.3952,381091.7852
,,
4,52110.301,381131.8163
,,
4,52132.3787,381195.3477
,,
4,52196.2213,381323.1294
,,
4,52229.4293,381384.0057
,,
4,52271.4663,381461.0672
,,
4,52314.5086,381522.1299
,,
4,52358.1682,381588.8803
,,
4,52343.4099,381655.5363
,,
4,52326.714,381734.8798
,,
4,52320.3036,381761.5359
,,
4,52443.248,381869.0993
,,
4,52551.7705,381964.9749
,,
4,52542.1552,382209.6621
,,
4,52558.6356,382223.6622
,,
4,52576.3345,382258.006
,,
4,52581.9553,382298.6623
,,
4,52696.1618,382340.7882
,,
4,52696.1598,382340.7228
,,
4,52698.0712,382341.427
,,
4,52696.0713,382284.4272
,,
4,52686.0712,382202.4271
,,
4,52677.0713,382134.427
,,
4,52670.0713,382096.4271
,,
4,52644.0712,382071.4271
,,
4,52648.0564,382052.4978
,,
4,52650.8014,382052.6548
,,
4,52670.0734,382054.2607
,,
4,52689.7967,382073.4447
,,
4,52704.9449,382114.101
,,
4,52713.0654,382172.5386
,,
4,52724.8654,382286.2259
,,
4,52742.4153,382386.601
,,
4,52768.7854,382515.5697
,,
4,52798.9836,382636.9136
,,
4,52802.6864,382683.2885
,,
4,52872.857,382819.9765
,,
4,52874.7785,382819.8532
,,
4,52875.0714,382820.4265
,,
4,52902.1296,382818.5606
,,
4,52903.9429,382834.008
,,
4,52741.31,382863.5066
,,
4,52727.2982,382881.2565
,,
4,52746.97,382886.3817
,,
4,52748.0472,382886.1704
,,
4,52749.0714,382886.4265
,,
4,52897.6155,382857.8982
,,
4,52898.7707,382873.9765
,,
4,52880.3409,382879.664
,,
4,52892.75,383005.4451
,,
4,52891.3473,383062.5701
,,
4,52957.4353,383169.1344
,,
4,52984.3656,383205.633
,,
4,53036.2516,383284.5085
,,
4,53134.3244,383438.3527
,,
4,53231.1121,383598.5721
,,
4,53329.1654,383760.7289
,,
4,53377.8795,383838.9166
,,
4,53363.1526,383890.979
,,
4,53347.0818,383974.76
,,
4,53353.7955,384092.2599
,,
4,53362.3883,384221.8223
,,
4,53363.9563,384220.5492
,,
4,53364.0717,384222.4254
,,
4,53517.4914,384098.5805
,,
4,53373.1068,384253.5723
,,
4,53279.5606,384346.7287
,,
4,53264.9068,384361.3214
,,
4,53222.2072,384426.6334
,,
4,53199.8081,384500.9144
,,
4,53155.0259,384643.6951
,,
4,53108.9661,384789.6634
,,
4,53077.6334,384883.5691
,,
4,53063.5902,384915.319
,,
4,53073.0157,384959.1316
,,
4,53119.2887,384994.1631
,,
4,53120.7512,384994.1807
,,
4,53121.0719,384994.4247
,,
4,53183.8278,384995.4209
,,
4,53274.8196,385015.4143
,,
4,53352.2608,385028.2899
,,
4,53375.6707,385065.7901
,,
4,53382.5297,385120.415
,,
4,53352.3684,385256.8835
,,
4,53320.9455,385388.9142
,,
4,53301.734,385458.7266
,,
4,53276.2572,385491.0699
,,
4,53222.8156,385534.1321
,,
4,53197.3113,385579.8193
,,
4,53202.8929,385636.9755
,,
4,53224.3573,385691.6318
,,
4,53225.9992,385692.2328
,,
4,53226.0723,385692.4242
,,
4,53244.5279,385699.0155
,,
4,53280.1891,385712.0698
,,
4,53280.2538,385711.7748
,,
4,53282.0721,385712.4242
,,
4,53289.0721,385683.4242
,,
4,53315.7788,385688.9497
,,
4,53313.1969,385718.4763
,,
4,53396.3568,385731.3519
,,
4,53396.6282,385731.1979
,,
4,53398.0721,385731.4241
,,
4,53466.0721,385693.4241
,,
4,53625.0719,385585.4241
,,
4,53845.0717,385450.4241
,,
4,53949.0717,385381.4242
,,
4,53980.539,385369.624
,,
4,54014.3861,385389.6697
,,
4,54038.9757,385408.6698
,,
4,54077.7762,385438.6701
,,
4,54205.8942,385525.2303
,,
4,54222.9667,385536.7649
,,
4,54371.325,385639.2972
,,
4,54586.89,385787.705
,,
4,54749.8303,385898.5186
,,
4,54887.4075,385994.6758
,,
4,55014.1957,386087.6455
,,
4,55104.8591,386150.0523
,,
4,55149.2573,386174.2714
,,
4,55150.9159,386174.3383
,,
4,55151.0715,386174.4232
,,
4,55159.0713,386175.4231
,,
4,55218.0714,386177.4232
,,
4,55369.0714,386174.423
,,
4,55532.0713,386176.4231
,,
4,55694.0712,386181.4229
,,
4,55870.0712,386181.4229
,,
4,55946.1452,386181.4229
,,
4,56015.2752,386238.8719
,,
4,56168.0515,386352.2167
,,
4,56311.9607,386455.9991
,,
4,56474.8735,386579.5314
,,
4,56513.1194,386607.5004
,,
4,56554.1191,386637.4694
,,
4,56682.8056,386732.3453
,,
4,56795.6446,386817.6587
,,
4,56875.5191,386876.2529
,,
4,56877.264,386875.837
,,
4,56878.0708,386876.422
,,
5,59750.4474,384275.4941
,,
5,59752.6905,384274.8713
,,
5,59753.0687,384275.423
,,
5,59758.0687,384274.423
,,
5,59793.0688,384258.4231
,,
5,59862.0688,384233.4231
,,
5,59921.0688,384202.4231
,,
5,59968.0687,384178.4231
,,
5,60090.0687,384130.4231
,,
5,60161.0686,384087.4232
,,
5,60292.0685,384013.4232
,,
5,60346.0684,383981.4232
,,
5,60468.0685,383910.4232
,,
5,60581.0684,383846.4232
,,
5,60609.0682,383799.423
,,
5,60606.0683,383682.4233
,,
5,60612.0684,383617.4233
,,
5,60626.0682,383569.4234
,,
5,60647.1645,383554.0807
,,
5,60650.7788,383557.4746
,,
5,60652.3969,383556.8862
,,
5,60653.0683,383557.4233
,,
5,60825.0682,383495.4233
,,
5,60827.0681,383485.4233
,,
5,60844.068,383477.4233
,,
5,60988.0681,383456.4233
,,
5,61097.068,383447.4232
,,
5,61197.0678,383430.4233
,,
5,61306.0679,383396.4233
,,
5,61448.0678,383350.4233
,,
5,61642.0678,383284.4232
,,
5,61955.0675,383179.4232
,,
5,62059.0675,383145.4232
,,
5,62068.0675,383127.4231
,,
5,61991.0675,383059.4233
,,
5,61923.0675,383000.4233
,,
5,61902.0675,382956.4235
,,
5,61899.2097,382952.6713
,,
5,61888.8098,382899.8289
,,
5,61858.0093,382857.6724
,,
5,61796.8106,382804.4846
,,
5,61759.8612,382769.7173
,,
5,61755.0675,382763.4235
,,
5,61864.0674,382635.4236
,,
5,62019.0672,382434.4238
,,
5,62121.0672,382304.4238
,,
5,62132.0671,382269.4239
,,
5,62131.0671,382232.4238
,,
5,62096.0671,382166.4238
,,
5,62080.0672,382103.424
,,
5,62080.0671,382064.424
,,
5,62118.0671,382028.424
,,
5,62182.0669,381969.4241
,,
5,62244.0669,381914.4242
,,
5,62257.067,381878.4241
,,
5,62426.0669,381725.4242
,,
5,62504.0669,381653.4242
,,
5,62533.0668,381627.4243
,,
5,62622.0668,381544.4243
,,
5,62680.0666,381495.4243
,,
5,62755.0667,381439.4242
,,
5,62770.0666,381378.4243
,,
5,62795.0665,381351.4244
,,
5,62831.0665,381341.4243
,,
5,62938.0665,381334.4244
,,
5,63042.0664,381327.4243
,,
5,63093.0664,381322.4243
,,
5,63114.0665,381309.4243
,,
5,63135.0663,381297.4243
,,
5,63159.0664,381283.4243
,,
5,63178.0663,381276.4243
,,
5,63189.0664,381248.4243
,,
5,63195.0664,381219.4243
,,
5,63199.0664,381194.4244
,,
5,63204.0664,381184.4244
,,
5,63225.0663,381172.4244
,,
5,63221.0663,381164.4244
,,
5,63212.0663,381140.4243
,,
5,63200.0663,381109.4243
,,
5,63189.0662,381087.4243
,,
5,63181.0663,381073.4245
,,
5,63180.0664,381064.4244
,,
5,63176.0663,381052.4245
,,
5,63180.9855,381043.5698
,,
5,63186.6879,381043.6922
,,
5,63199.5949,381044.3068
,,
5,63202.3501,381052.6855
,,
5,63205.7875,381065.8104
,,
5,63209.9904,381082.7791
,,
5,63216.7364,381093.7479
,,
5,63224.3496,381108.6854
,,
5,63236.4821,381138.4668
,,
5,63249.3412,381167.6855
,,
5,63250.7222,381167.564
,,
5,63251.0663,381168.4243
,,
5,63262.0663,381167.4243
,,
5,63270.6592,381165.7057
,,
5,63275.9231,381177.8732
,,
5,63280.7393,381203.6546
,,
5,63288.7079,381218.5295
,,
5,63293.4813,381224.9046
,,
5,63295.5581,381224.713
,,
5,63296.0662,381225.4243
,,
5,63305.0664,381224.4243
,,
5,63327.0663,381216.4243
,,
5,63356.0663,381205.4243
,,
5,63383.0661,381193.4242
,,
5,63412.0662,381182.4243
,,
5,63438.0662,381173.4242
,,
5,63451.0662,381167.4243
,,
5,63461.0662,381164.4243
,,
5,63483.0662,381156.4243
,,
5,63505.0662,381144.4242
,,
5,63514.0661,381136.4243
,,
5,63516.0661,381128.4243
,,
5,63523.0662,381124.4243
,,
5,63534.0661,381122.4243
,,
5,63546.0662,381118.4243
,,
5,63550.0662,381112.4243
,,
5,63573.0661,381109.4243
,,
5,63597.0661,381100.4242
,,
5,63617.0661,381074.4243
,,
5,63637.0661,381035.4243
,,
5,63647.0661,380998.4244
,,
5,63644.066,380986.4243
,,
5,63638.9267,380984.956
,,
5,63637.0911,380984.3175
,,
5,63641.066,380967.4243
,,
5,63655.066,380964.4244
,,
5,63665.066,380960.4244
,,
5,63678.0661,380947.4244
,,
5,63719.0661,380905.4244
,,
5,63748.0659,380874.4244
,,
5,63776.066,380842.4244
,,
5,63805.0659,380810.4245
,,
5,63842.0658,380772.4245
,,
5,63877.066,380737.4245
,,
5,63923.0659,380696.4246
,,
5,63951.0658,380666.4244
,,
5,63969.0658,380651.4245
,,
5,63989.0659,380635.4245
,,
5,63999.0656,380621.4246
,,
5,64005.0658,380612.4245
,,
5,64017.6622,380620.8222
,,
5,64017.5398,380621.7548
,,
5,64019.5554,380635.0673
,,
5,64026.7037,380651.7236
,,
5,64030.1138,380661.6611
,,
5,64043.9066,380686.8174
,,
5,64054.5235,380703.0361
,,
5,64071.1055,380721.2551
,,
5,64080.4256,380731.474
,,
5,64109.6598,380757.9428
,,
5,64143.5932,380776.5369
,,
5,64182.886,380798.162
,,
5,64214.0968,380809.5374
,,
5,64259.4599,380828.6939
,,
5,64261.2206,380829.0568
,,
5,64262.0658,380829.4243
,,
5,64274.416,380831.7767
,,
5,64280.534,380833.0378
,,
5,64291.4021,380835.2768
,,
5,64301.0658,380837.4242
,,
5,64327.6052,380841.1101
,,
5,64335.2799,380842.257
,,
5,64336.6748,380842.3698
,,
5,64337.0657,380842.4241
,,
5,64346.2826,380843.147
,,
5,64385.8931,380846.3512
,,
5,64386.9202,380846.3344
,,
5,64388.0657,380846.4242
,,
5,64422.0225,380845.7584
,,
5,64437.2992,380845.5078
,,
5,64439.829,380845.4066
,,
5,64482.0656,380844.4241
,,
5,64545.0656,380843.4242
,,
5,64590.0656,380841.4242
,,
5,64635.0656,380841.4243
,,
5,64671.0655,380838.424
,,
5,64713.0655,380838.4241
,,
5,64754.0655,380833.424
,,
5,64812.0655,380828.4241
,,
5,64845.0654,380823.4241
,,
5,64860.0654,380822.4242
,,
5,64880.0654,380817.4241
,,
5,64945.0654,380808.4241
,,
5,64995.0655,380799.424
,,
5,65056.0655,380787.424
,,
5,65133.0654,380770.424
,,
5,65199.0654,380753.424
,,
5,65252.0653,380739.424
,,
5,65300.0653,380717.424
,,
5,65343.0651,380692.4239
,,
5,65397.0653,380662.424
,,
5,65450.0652,380632.424
,,
5,65501.0651,380600.4241
,,
5,65570.0652,380557.424
,,
5,65650.0651,380510.424
,,
5,65737.065,380459.4241
,,
5,65787.0649,380433.4241
,,
5,65829.0649,380407.4241
,,
5,65866.0648,380384.424
,,
5,65909.0648,380360.4242
,,
5,65965.0648,380346.424
,,
5,66017.0649,380337.4241
,,
5,66092.0649,380327.424
,,
5,66211.0648,380313.424
,,
5,66337.0647,380296.424
,,
5,66402.0646,380287.424
,,
5,66476.0647,380277.424
,,
5,66521.0645,380266.4239
,,
5,66575.0646,380245.424
,,
5,66608.0646,380225.4239
,,
5,66635.0646,380200.424
,,
5,66655.0645,380176.4239
,,
5,66672.0645,380140.424
,,
5,66687.0644,380106.424
,,
5,66700.0645,380068.424
,,
5,66717.0644,380031.424
,,
5,66731.0643,380006.424
,,
5,66748.0644,379977.424
,,
5,66776.0644,379953.4241
,,
5,66798.0644,379936.4242
,,
5,66824.0645,379917.4241
,,
5,66846.0643,379903.4242
,,
5,66853.0644,379900.4242
,,
5,66893.0643,379877.424
,,
5,66934.0643,379850.4241
,,
5,66977.0642,379824.4242
,,
5,67011.0643,379807.4241
,,
5,67044.0642,379797.4241
,,
5,67078.0642,379789.4241
,,
5,67119.0641,379781.4241
,,
5,67161.0642,379772.4241
,,
5,67200.0641,379765.424
,,
5,67228.064,379757.4242
,,
5,67306.0641,379740.4241
,,
5,67326.0641,379737.4241
,,
5,67334.0641,379736.4242
,,
5,67345.064,379734.4242
,,
5,67369.064,379729.424
,,
5,67403.0641,379721.424
,,
5,67437.0641,379712.424
,,
5,67473.064,379703.424
,,
5,67513.064,379694.424
,,
5,67546.064,379687.4241
,,
5,67566.0639,379685.424
,,
5,67585.0639,379682.424
,,
5,67606.064,379677.4241
,,
5,67623.0639,379671.4241
,,
5,67640.0639,379667.4241
,,
5,67650.064,379665.4239
,,
5,67660.0639,379666.4241
,,
5,67676.0638,379662.424
,,
5,67711.064,379654.424
,,
5,67739.0639,379649.4241
,,
5,67752.0639,379641.4241
,,
5,67781.0638,379638.4241
,,
5,67799.0638,379631.424
,,
5,67814.0638,379625.4241
,,
5,67835.7052,379609.4281
,,
5,67842.1603,379615.005
,,
5,67843.0801,379614.4402
,,
5,67844.0638,379615.4239
,,
5,67857.0638,379607.4241
,,
5,67865.0638,379599.4239
,,
5,67893.0638,379570.424
,,
5,67911.0638,379548.424
,,
5,67927.0637,379526.424
,,
5,67946.0637,379505.4241
,,
5,67980.0637,379465.4241
,,
5,68052.0636,379383.424
,,
5,68094.0635,379356.4242
,,
5,68146.0636,379338.4241
,,
5,68204.0635,379327.4241
,,
5,68212.0636,379327.4241
,,
5,68273.0635,379318.4241
,,
5,68292.0635,379315.4241
,,
5,68322.0635,379309.4242
,,
5,68369.0634,379300.424
,,
5,68400.0635,379296.424
,,
5,68434.0634,379286.4241
,,
5,68467.0635,379282.424
,,
5,68500.0634,379276.424
,,
5,68541.0634,379268.424
,,
5,68574.0633,379261.4241
,,
5,68618.0634,379254.424
,,
5,68662.0634,379248.4241
,,
5,68711.0632,379237.424
,,
5,68765.0633,379230.4239
,,
5,68822.0632,379219.424
,,
5,68880.0632,379206.424
,,
5,68946.0631,379193.4239
,,
5,69009.0631,379182.4239
,,
5,69045.0631,379177.4239
,,
5,69082.063,379170.4239
,,
5,69092.0631,379168.4238
,,
5,69096.0631,379156.4239
,,
5,69096.0631,379123.424
,,
5,69101.063,379092.4239
,,
5,69100.0631,379086.424
,,
5,69110.8371,379065.8553
,,
5,69118.3895,379067.1721
,,
5,69122.8034,379075.5158
,,
5,69121.3112,379080.422
,,
5,69119.694,379087.5783
,,
5,69118.3659,379093.4533
,,
5,69116.0922,379113.297
,,
5,69112.5843,379130.1095
,,
5,69112.5764,379140.7657
,,
5,69112.5373,379146.1407
,,
5,69111.6543,379166.0156
,,
5,69117.0292,379176.5782
,,
5,69125.6385,379179.1094
,,
5,69127.4239,379179.211
,,
5,69128.0631,379179.424
,,
5,69143.0631,379180.4239
,,
5,69176.063,379185.4239
,,
5,69190.0631,379186.4239
,,
5,69199.0631,379187.4238
,,
5,69216.2618,379182.6464
,,
5,69220.1697,379185.329
,,
5,69225.1384,379190.829
,,
5,69226.5833,379190.8481
,,
5,69227.0631,379191.4239
,,
5,69244.0631,379191.4239
,,
5,69279.063,379193.4239
,,
5,69326.063,379200.4237
,,
5,69370.063,379204.4238
,,
5,69399.629,379208.3141
,,
5,69405.763,379209.1742
,,
5,69406.5283,379209.2218
,,
5,69408.063,379209.4238
,,
5,69436.063,379211.4237
,,
5,69441.7934,379211.4237
,,
5,69444.7941,379211.612
,,
5,69472.6534,379218.3934
,,
5,69485.8488,379222.8934
,,
5,69495.9111,379227.7374
,,
5,69512.536,379240.3
,,
5,69525.7391,379253.4251
,,
5,69530.1296,379259.3313
,,
5,69539.6841,379278.9564
,,
5,69545.9183,379306.3001
,,
5,69552.4571,379341.1752
,,
5,69557.5819,379368.2376
,,
5,69565.6442,379392.769
,,
5,69574.8471,379418.269
,,
5,69604.4796,379451.3629
,,
5,69649.9558,379481.4258
,,
5,69720.3382,379518.3324
,,
5,69780.7754,379551.3642
,,
5,69812.4784,379566.9583
,,
5,69814.3762,379567.0801
,,
5,69815.0629,379567.4233
,,
5,69841.063,379569.4235
,,
5,69874.6482,379570.2426
,,
5,69880.2048,379570.49
,,
5,69927.1891,379577.3027
,,
5,69960.4312,379585.8969
,,
5,69990.0561,379600.8033
,,
5,70011.9699,379617.4909
,,
5,70051.2899,379650.9911
,,
5,70051.267,379649.8576
,,
5,70035.4463,378868.2349
,,
5,69825.3676,378755.1468
,,
5,68685.9909,378167.0448
,,
5,68506.0271,378074.1568
,,
5,69080.2122,376559.1743
,,
5,68485.0373,376272.0456
,,
5,68289.4522,376208.6379
,,
5,67970.8205,376105.323
,,
5,66554.5187,375970.187
,,
5,66146.2365,375884.2319
,,
5,65822.1213,375815.9969
,,
5,65820.9193,375815.7438
,,
5,65785.7686,375799.9241
,,
5,65400.8078,375626.6705
,,
5,65399.7143,375626.1783
,,
5,64447.6048,375809.6394
,,
5,64430.3242,375805.1135
,,
5,64398.0639,375796.4281
,,
5,64397.4361,375796.4998
,,
5,64395.8197,375796.0765
,,
5,64360.8666,375799.6074
,,
5,64329.1088,375800.6697
,,
5,64198.8433,375813.0436
,,
5,63991.0426,375834.4169
,,
5,63767.2887,375865.8214
,,
5,63517.5036,375897.0381
,,
5,63301.453,375917.6927
,,
5,63054.2617,375941.9407
,,
5,62765.1368,375969.0633
,,
5,62564.3323,375988.5618
,,
5,62428.3479,376001.5606
,,
5,62200.8793,376020.2464
,,
5,62080.7739,376032.683
,,
5,61991.6606,376061.2759
,,
5,61920.9181,376096.3377
,,
5,61857.0272,376148.5873
,,
5,61791.0658,376223.7116
,,
5,61777.5108,376253.4614
,,
5,61763.3192,376283.2113
,,
5,61726.2878,376310.2735
,,
5,61693.0103,376344.9607
,,
5,61598.8063,376461.1785
,,
5,61475.1334,376611.4586
,,
5,61411.1284,376765.3642
,,
5,61312.2477,376997.8006
,,
5,61205.6756,377239.7057
,,
5,61157.9093,377344.1739
,,
5,61104.69,377413.6734
,,
5,60954.0794,377600.6094
,,
5,60977.3799,377626.8284
,,
5,60989.2821,377648.516
,,
5,60985.317,377669.4534
,,
5,60930.9998,377801.1715
,,
5,60917.4135,377834.7652
,,
5,60894.6869,377849.6712
,,
5,60862.8857,377909.3271
,,
5,60838.44,377951.7019
,,
5,60800.5411,378010.5139
,,
5,60776.5524,378077.045
,,
5,60761.8101,378095.3574
,,
5,60725.8801,378145.2632
,,
5,60768.8954,378167.2011
,,
5,60752.4547,378202.5393
,,
5,60705.0665,378176.4275
,,
5,60705.0117,378176.8503
,,
5,60702.794,378175.6068
,,
5,60696.0396,378230.1692
,,
5,60688.805,378263.7941
,,
5,60667.2848,378339.8875
,,
5,60631.6123,378440.6371
,,
5,60607.5061,378523.0431
,,
5,60600.5954,378598.5741
,,
5,60583.8093,378721.0738
,,
5,60566.6524,378808.6049
,,
5,60553.4605,378874.5734
,,
5,60540.2803,378939.292
,,
5,60499.0329,379106.6977
,,
5,60501.2978,379106.4803
,,
5,60501.0668,379107.4269
,,
5,60581.0668,379099.4267
,,
5,60611.3325,379097.5353
,,
5,60641.2553,379108.9801
,,
5,60652.5716,379124.3239
,,
5,60638.5168,379135.6675
,,
5,60627.1101,379133.4091
,,
5,60604.0668,379128.4267
,,
5,60602.7264,379128.5814
,,
5,60601.7397,379128.386
,,
5,60549.6263,379134.3856
,,
5,60487.31,379145.9788
,,
5,60473.2631,379156.6974
,,
5,60343.6498,379166.5402
,,
5,60289.4388,379172.9148
,,
5,60267.3842,379175.5083
,,
5,60239.3255,379191.1956
,,
5,60179.9112,379239.695
,,
5,60170.2314,379260.5699
,,
5,60148.7816,379327.1322
,,
5,60158.176,379344.976
,,
5,60170.6288,379378.101
,,
5,60165.9958,379403.476
,,
5,60145.5114,379425.5694
,,
5,60107.8744,379448.7879
,,
5,60044.4631,379607.7873
,,
5,60008.2984,379689.4744
,,
5,60004.1106,379740.2555
,,
5,60013.2117,379797.5055
,,
5,60026.7972,379849.068
,,
5,60021.2694,379909.3804
,,
5,60014.8824,379935.9428
,,
5,60005.9184,379952.6346
,,
5,59989.0674,379946.4263
,,
5,59993.0674,379936.4263
,,
5,59990.1841,379937.6943
,,
5,59990.8668,379935.7239
,,
5,59824.5852,380009.0662
,,
5,59830.2922,380014.9413
,,
5,59821.454,380033.1277
,,
5,59796.0674,380028.4264
,,
5,59770.0674,380014.4264
,,
5,59770.1471,380015.5056
,,
5,59768.3484,380014.5517
,,
5,59759.183,380009.6907
,,
5,59719.8158,380009.0028
,,
5,59608.3393,380028.5645
,,
5,59441.5658,380056.6882
,,
5,59408.8823,380062.3129
,,
5,59259.2416,380088.0929
,,
5,59208.1244,380096.1862
,,
5,59073.1127,380117.5602
,,
5,58895.2298,380149.5899
,,
5,58815.6401,380161.7143
,,
5,58738.9603,380173.4012
,,
5,58619.5189,380192.2127
,,
5,58563.6322,380200.9935
,,
5,58551.5148,380223.8371
,,
5,58520.9678,380251.0869
,,
5,58479.0028,380274.4928
,,
5,58421.4758,380253.2111
,,
5,58343.1045,380276.7729
,,
5,58274.3311,380291.8036
,,
5,58233.8232,380300.6783
,,
5,58122.0693,380316.7087
,,
5,58089.6279,380321.3647
,,
5,58038.1591,380334.5829
,,
5,58010.7957,380359.9264
,,
5,58000.5415,380401.1764
,,
5,57999.0838,380480.5512
,,
5,57997.365,380498.6762
,,
5,58000.7671,380513.7387
,,
5,57981.1929,380528.1448
,,
5,57924.6303,380548.363
,,
5,57827.3567,380575.7997
,,
5,57786.1067,380587.4557
,,
5,57726.2082,380603.6738
,,
5,57709.2199,380608.2675
,,
5,57590.7356,380622.1416
,,
5,57476.7513,380631.2969
,,
5,57333.8569,380636.077
,,
5,57160.482,380645.6694
,,
5,57123.0055,380647.7316
,,
5,56984.5447,380658.8868
,,
5,56965.4353,380659.699
,,
5,56856.8925,380664.3544
,,
5,56779.412,380667.385
,,
5,56749.5879,380658.416
,,
5,56714.0609,380632.572
,,
5,56682.2039,380608.2798
,,
5,56802.0692,381366.4264
,,
5,57027.0693,381860.4258
,,
5,57432.0693,382443.4253
,,
5,58078.7093,383089.0668
,,
5,58080.0692,383090.4247
,,
5,58079.9552,383090.7106
,,
5,59051.3858,383254.1879
,,
5,59750.4474,384275.4941
,,
6,72709.0619,379987.422
,,
6,72742.0617,379927.4221
,,
6,72762.0617,379890.4223
,,
6,72774.0617,379856.4222
,,
6,72781.0618,379829.4223
,,
6,72796.0618,379771.4222
,,
6,72808.0617,379725.4224
,,
6,72817.0617,379695.4223
,,
6,72825.0617,379668.4224
,,
6,72832.0615,379640.4223
,,
6,72838.0617,379625.4225
,,
6,72854.0616,379607.4224
,,
6,72862.0527,379606.5344
,,
6,72918.4193,379620.8575
,,
6,72991.4895,379639.2019
,,
6,73068.0438,379655.0279
,,
6,73122.0616,379666.4222
,,
6,73156.2956,379671.689
,,
6,73185.278,379676.4222
,,
6,73186.3097,379676.3065
,,
6,73187.0615,379676.4222
,,
6,73210.0615,379674.4221
,,
6,73281.0615,379657.4222
,,
6,73280.8789,379656.3872
,,
6,73212.0612,379266.4224
,,
6,72431.0616,378932.4229
,,
6,72818.0612,378387.4232
,,
6,72898.0609,377535.4238
,,
6,72902.0608,377470.424
,,
6,72925.0608,376986.4243
,,
6,72922.5391,376987.8269
,,
6,72922.6349,376985.8273
,,
6,72575.9859,377179.4205
,,
6,71566.8537,377254.8813
,,
6,71377.8678,377228.0569
,,
6,71063.7541,377183.4723
,,
6,71047.2981,377181.1366
,,
6,71022.7926,377177.6584
,,
6,70741.7368,377156.9607
,,
6,70286.0032,377123.3991
,,
6,70283.9268,377123.2462
,,
6,69964.6077,376982.4134
,,
6,69882.0302,376945.9933
,,
6,69239.7326,376636.1313
,,
6,69081.857,376559.9678
,,
6,69080.2122,376559.1743
,,
6,68506.0271,378074.1568
,,
6,68685.9909,378167.0448
,,
6,69825.3676,378755.1468
,,
6,70035.4463,378868.2349
,,
6,70051.267,379649.8576
,,
6,70051.2899,379650.9911
,,
6,70077.3912,379676.8039
,,
6,70129.336,379733.4605
,,
6,70212.9056,379821.1173
,,
6,70343.3185,379953.8993
,,
6,70417.8645,380026.9937
,,
6,70430.0364,380040.2124
,,
6,70462.1377,380061.7439
,,
6,70519.5984,380082.7756
,,
6,70520.4935,380082.8546
,,
6,70522.0627,380083.4227
,,
6,70559.9676,380086.3386
,,
6,70571.6529,380087.3698
,,
6,70572.2557,380087.2838
,,
6,70574.0628,380087.4228
,,
6,70625.0627,380080.4227
,,
6,70673.0628,380064.4228
,,
6,70713.0626,380048.4226
,,
6,70760.0627,380026.4226
,,
6,70801.0625,380009.4227
,,
6,70838.0626,379994.4227
,,
6,70907.0625,379965.4226
,,
6,70918.5566,379967.9553
,,
6,70963.4815,379978.3106
,,
6,71043.5594,379998.1861
,,
6,71118.3951,380013.5617
,,
6,71182.9886,380027.9684
,,
6,71229.5822,380041.75
,,
6,71231.5352,380051.1563
,,
6,71237.4726,380075.2501
,,
6,71245.9489,380099.5939
,,
6,71265.5503,380123.2814
,,
6,71291.3859,380146.4691
,,
6,71332.6435,380182.5631
,,
6,71375.604,380216.6259
,,
6,71420.0178,380249.5951
,,
6,71468.658,380286.9078
,,
6,71501.3921,380312.9079
,,
6,71534.8608,380335.6583
,,
6,71561.5169,380350.6272
,,
6,71582.8917,380364.0649
,,
6,71600.5322,380373.1901
,,
6,71633.8133,380385.0339
,,
6,71676.6179,380395.8156
,,
6,71677.1342,380395.9289
,,
6,71679.0624,380396.4222
,,
6,71697.717,380400.4457
,,
6,71728.313,380407.1598
,,
6,71736.445,380408.539
,,
6,71770.0623,380414.4222
,,
6,71825.0623,380422.422
,,
6,71869.3376,380428.3254
,,
6,71874.4835,380429.1714
,,
6,71929.0623,380438.422
,,
6,71953.0966,380441.7868
,,
6,71977.0781,380445.4429
,,
6,72041.8825,380456.6308
,,
6,72070.432,380458.3055
,,
6,72100.0621,380460.422
,,
6,72156.0622,380467.4218
,,
6,72173.2264,380470.4256
,,
6,72193.7183,380474.5071
,,
6,72223.8866,380480.2796
,,
6,72234.0622,380482.4219
,,
6,72274.0622,380486.4219
,,
6,72307.0621,380482.4219
,,
6,72340.0621,380472.4218
,,
6,72382.062,380448.4219
,,
6,72423.0621,380424.4219
,,
6,72456.062,380405.4219
,,
6,72490.062,380385.4218
,,
6,72522.062,380362.4218
,,
6,72549.062,380336.4219
,,
6,72571.062,380300.4219
,,
6,72580.062,380277.4219
,,
6,72589.0619,380254.4219
,,
6,72595.0619,380239.4219
,,
6,72611.062,380203.4219
,,
6,72630.0619,380165.422
,,
6,72652.0619,380126.4221
,,
6,72670.0619,380087.422
,,
6,72684.0618,380043.4221
,,
6,72709.0619,379987.422
,,
7a,73599.0612,379474.4223
,,
7a,73614.7208,379464.2895
,,
7a,73630.8883,379481.5822
,,
7a,73620.7553,379504.4571
,,
7a,73616.9739,379523.5195
,,
7a,73629.6925,379536.2071
,,
7a,73631.0731,379535.434
,,
7a,73632.0612,379536.4222
,,
7a,73659.0612,379521.422
,,
7a,73683.0611,379509.4222
,,
7a,73707.0613,379502.4221
,,
7a,73716.0613,379477.4221
,,
7a,73697.0613,379469.4222
,,
7a,73675.0612,379457.4221
,,
7a,73672.0612,379436.4222
,,
7a,73688.0611,379429.4222
,,
7a,73711.03,379434.016
,,
7a,73731.2009,379450.9893
,,
7a,73744.56,379467.4893
,,
7a,73757.9194,379478.8957
,,
7a,73759.2686,379478.6905
,,
7a,73760.0613,379479.4222
,,
7a,73781.0612,379476.4221
,,
7a,73794.0612,379462.4222
,,
7a,73807.061,379449.4221
,,
7a,73894.0611,379413.4221
,,
7a,74107.061,379306.4222
,,
7a,74298.0608,379215.4222
,,
7a,74460.0608,379137.4222
,,
7a,74540.0608,379087.4222
,,
7a,74598.0607,379040.4222
,,
7a,74642.0605,378986.4222
,,
7a,74675.0606,378937.4223
,,
7a,74703.0606,378885.4223
,,
7a,74719.0091,378841.5638
,,
7a,74723.1202,378841.8089
,,
7a,74740.0605,378843.4223
,,
7a,74754.0604,378825.4223
,,
7a,74745.0605,378809.4224
,,
7a,74766.0604,378769.4224
,,
7a,74774.0605,378768.4224
,,
7a,74778.0604,378764.4224
,,
7a,74786.0604,378753.4223
,,
7a,74800.0605,378735.4224
,,
7a,74808.0605,378725.4224
,,
7a,74821.0605,378707.4224
,,
7a,74831.0604,378692.4225
,,
7a,74910.0603,378572.4225
,,
7a,74985.0604,378466.4225
,,
7a,74993.0602,378453.4225
,,
7a,75058.0602,378357.4226
,,
7a,75104.0602,378289.4226
,,
7a,75171.06,378190.4227
,,
7a,75182.0601,378174.4226
,,
7a,75203.0602,378138.4227
,,
7a,75212.0601,378122.4227
,,
7a,75257.0601,378056.4228
,,
7a,75317.0599,377966.4228
,,
7a,75348.06,377918.4228
,,
7a,75355.06,377906.4228
,,
7a,75361.0599,377895.4228
,,
7a,75369.0601,377876.4228
,,
7a,75375.0599,377858.4228
,,
7a,75384.06,377836.4229
,,
7a,75390.0599,377817.4228
,,
7a,75434.0599,377678.4229
,,
7a,75456.0599,377604.423
,,
7a,75474.0598,377542.423
,,
7a,75510.0597,377415.4231
,,
7a,75555.0597,377260.4232
,,
7a,75588.0597,377149.4234
,,
7a,75594.0597,377129.4234
,,
7a,75598.0595,377118.4233
,,
7a,75602.0597,377110.4233
,,
7a,75611.0596,377107.4234
,,
7a,75616.0596,377104.4234
,,
7a,75619.0597,377098.4233
,,
7a,75621.0596,377087.4233
,,
7a,75623.0596,377073.4234
,,
7a,75625.0597,377054.4234
,,
7a,75622.0596,377038.4234
,,
7a,75617.0597,377023.4234
,,
7a,75611.0596,377009.4234
,,
7a,75604.0596,376997.4235
,,
7a,75597.0596,376986.4234
,,
7a,75590.0595,376977.4234
,,
7a,75585.0596,376973.4235
,,
7a,75577.0596,376964.4235
,,
7a,75566.0597,376952.4235
,,
7a,75556.0596,376942.4236
,,
7a,75545.0595,376934.4235
,,
7a,75536.0596,376924.4235
,,
7a,75500.0595,376889.4235
,,
7a,75458.0596,376843.4236
,,
7a,75438.0597,376817.4236
,,
7a,75436.4391,376817.4236
,,
7a,75436.4304,376817.4123
,,
7a,75431.9134,376817.2005
,,
7a,75428.1982,376811.5299
,,
7a,75426.401,376811.4728
,,
7a,75405.9065,376810.8209
,,
7a,75366.1887,376801.6427
,,
7a,74891.4463,376782.7263
,,
7a,74015.5541,376742.2207
,,
7a,73770.8812,376730.8868
,,
7a,73613.3393,376723.6111
,,
7a,73492.862,376718.0501
,,
7a,73490.454,376717.9391
,,
7a,73581.5037,376467.9347
,,
7a,73674.445,376168.9806
,,
7a,73744.8663,375933.3595
,,
7a,73828.9506,375693.6714
,,
7a,73962.5033,375439.3069
,,
7a,74108.3148,375229.0215
,,
7a,74265.0989,375045.7241
,,
7a,74489.1549,374825.8123
,,
7a,74677.3217,374666.4047
,,
7a,74922.0597,374500.7678
,,
7a,75134.0017,374377.5764
,,
7a,75205.0589,374307.4256
,,
7a,74810.7661,373972.6071
,,
7a,74688.6061,373819.6153
,,
7a,74529.6558,373613.7049
,,
7a,74524.0595,373606.9476
,,
7a,74490.7886,373700.8949
,,
7a,74489.0591,373699.4263
,,
7a,74462.059,373677.4264
,,
7a,74366.0591,373804.4262
,,
7a,74215.0594,374001.4261
,,
7a,74177.0592,374048.4262
,,
7a,74165.0593,374063.4261
,,
7a,74150.0592,374085.4262
,,
7a,74135.0594,374101.4261
,,
7a,74154.0592,374119.4261
,,
7a,74169.0592,374129.426
,,
7a,74180.0594,374137.4261
,,
7a,74191.0593,374146.426
,,
7a,74203.0594,374153.4261
,,
7a,74211.0592,374148.4261
,,
7a,74221.0594,374141.4261
,,
7a,74229.0592,374131.426
,,
7a,74235.0592,374137.426
,,
7a,74232.0593,374144.426
,,
7a,74224.0592,374157.4259
,,
7a,74212.0593,374166.426
,,
7a,74201.0593,374168.426
,,
7a,74182.0593,374152.426
,,
7a,74164.0593,374138.426
,,
7a,74148.0593,374125.4261
,,
7a,74139.0594,374124.4261
,,
7a,74131.0593,374127.4261
,,
7a,74122.0592,374139.426
,,
7a,74097.0593,374166.426
,,
7a,74080.0593,374184.4259
,,
7a,74063.0593,374197.4261
,,
7a,74032.0594,374209.4261
,,
7a,74029.0594,374214.4262
,,
7a,73983.0595,374285.426
,,
7a,73947.0594,374338.426
,,
7a,73893.0595,374411.426
,,
7a,73888.0594,374416.426
,,
7a,73705.0597,374660.4259
,,
7a,73733.0597,374685.4257
,,
7a,73754.0597,374701.4258
,,
7a,73770.0597,374716.4258
,,
7a,73791.0596,374734.4258
,,
7a,73834.0597,374773.4258
,,
7a,73873.0596,374804.4257
,,
7a,73912.0596,374842.4256
,,
7a,73914.0596,374860.4257
,,
7a,73908.0596,374878.4256
,,
7a,73903.0596,374886.4255
,,
7a,73791.0598,375100.4254
,,
7a,73549.06,375549.4252
,,
7a,73343.0603,376253.4248
,,
7a,73199.0605,376544.4245
,,
7a,72968.0608,376962.4244
,,
7a,72925.0608,376986.4243
,,
7a,72902.0608,377470.424
,,
7a,72898.0609,377535.4238
,,
7a,72818.0612,378387.4232
,,
7a,72431.0616,378932.4229
,,
7a,73212.0612,379266.4224
,,
7a,73280.8789,379656.3872
,,
7a,73281.0615,379657.4222
,,
7a,73311.0614,379649.4222
,,
7a,73417.0614,379616.4221
,,
7a,73507.0613,379585.4222
,,
7a,73572.0612,379566.4223
,,
7a,73596.0613,379562.4221
,,
7a,73584.0613,379530.4222
,,
7a,73584.0613,379501.4222
,,
7a,73599.0612,379474.4223
,,
7b,75205.0589,374307.4256
,,
7b,75134.0017,374377.5764
,,
7b,74922.0597,374500.7678
,,
7b,74677.3217,374666.4047
,,
7b,74489.1549,374825.8123
,,
7b,74265.0989,375045.7241
,,
7b,74108.3148,375229.0215
,,
7b,73962.5033,375439.3069
,,
7b,73828.9506,375693.6714
,,
7b,73744.8663,375933.3595
,,
7b,73674.445,376168.9806
,,
7b,73581.5037,376467.9347
,,
7b,73490.454,376717.9391
,,
7b,73492.862,376718.0501
,,
7b,73613.3393,376723.6111
,,
7b,73770.8812,376730.8868
,,
7b,74015.5541,376742.2207
,,
7b,74891.4463,376782.7263
,,
7b,75366.1887,376801.6427
,,
7b,75405.9065,376810.8209
,,
7b,75393.4577,376729.0714
,,
7b,75393.1684,376597.6849
,,
7b,75401.7035,376437.8167
,,
7b,75506.4384,376127.4834
,,
7b,75722.2087,375584.4374
,,
7b,75738.138,375446.8658
,,
7b,75861.2284,375247.0249
,,
7b,75891.9703,375069.0668
,,
7b,75953.1679,374943.1704
,,
7b,75936.0588,374927.4249
,,
7b,75933.5156,374925.2679
,,
7b,75205.0589,374307.4256
